candidate_id,compound_name,compound_kg_id,disease_name,disease_kg_id,mapping_status,target_ids,target_count,compound_gene_count,disease_gene_count,target_source,notes
Compound::DB08906::Disease::DOID:1324,Fluticasone furoate,Compound::DB08906,breast cancer,Disease::DOID:1612,mapped,Gene::1576|Gene::2908|Gene::5243,3,3,1004,hetionet_shared_compound_disease_gene_edges,
Compound::DB00544::Disease::DOID:11934,Fluorouracil,Compound::DB00544,breast cancer,Disease::DOID:1612,mapped,Gene::1026|Gene::1806|Gene::213|Gene::2886|Gene::4524|Gene::7298|Gene::7372|Gene::9429,8,32,1004,hetionet_shared_compound_disease_gene_edges,
Compound::DB00983::Disease::DOID:2531,Formoterol,Compound::DB00983,breast cancer,Disease::DOID:1612,mapped,Gene::154|Gene::1565|Gene::2064|Gene::3162|Gene::4282,5,10,1004,hetionet_shared_compound_disease_gene_edges,
Compound::DB01394::Disease::DOID:363,Colchicine,Compound::DB01394,breast cancer,Disease::DOID:1612,mapped,Gene::11065|Gene::11200|Gene::128|Gene::1576|Gene::2099|Gene::2625|Gene::3033|Gene::4363|Gene::4792|Gene::5111|Gene::51514|Gene::5243|Gene::6790|Gene::7153|Gene::85236|Gene::983|Gene::9833|Gene::9903|Gene::991,19,91,1004,hetionet_shared_compound_disease_gene_edges,
Compound::DB00244::Disease::DOID:8778,Mesalazine,Compound::DB00244,breast cancer,Disease::DOID:1612,mapped,Gene::10318|Gene::1301|Gene::154|Gene::23406|Gene::2908|Gene::3880|Gene::4072|Gene::4830|Gene::5300|Gene::5742|Gene::5743,11,44,1004,hetionet_shared_compound_disease_gene_edges,
Compound::DB00290::Disease::DOID:2531,Bleomycin,Compound::DB00290,breast cancer,Disease::DOID:1612,mapped,Gene::3980,1,3,1004,hetionet_shared_compound_disease_gene_edges,
Compound::DB00290::Disease::DOID:1319,Bleomycin,Compound::DB00290,breast cancer,Disease::DOID:1612,mapped,Gene::3980,1,3,1004,hetionet_shared_compound_disease_gene_edges,
Compound::DB00290::Disease::DOID:2998,Bleomycin,Compound::DB00290,breast cancer,Disease::DOID:1612,mapped,Gene::3980,1,3,1004,hetionet_shared_compound_disease_gene_edges,
Compound::DB00290::Disease::DOID:263,Bleomycin,Compound::DB00290,breast cancer,Disease::DOID:1612,mapped,Gene::3980,1,3,1004,hetionet_shared_compound_disease_gene_edges,
Compound::DB08881::Disease::DOID:1612,Vemurafenib,Compound::DB08881,breast cancer,Disease::DOID:1612,mapped,Gene::102|Gene::1026|Gene::10381|Gene::10491|Gene::10551|Gene::10628|Gene::1164|Gene::124583|Gene::1301|Gene::1565|Gene::1576|Gene::1649|Gene::1848|Gene::2058|Gene::2064|Gene::2065|Gene::213|Gene::23339|Gene::25875|Gene::2617|Gene::26227|Gene::2770|Gene::2920|Gene::3265|Gene::3320|Gene::4118|Gene::4363|Gene::468|Gene::5111|Gene::51155|Gene::5166|Gene::5300|Gene::533|Gene::55974|Gene::56997|Gene::5831|Gene::5894|Gene::6241|Gene::6382|Gene::6509|Gene::6713|Gene::672|Gene::673|Gene::6790|Gene::687|Gene::6897|Gene::7037|Gene::7157|Gene::7298|Gene::79581|Gene::836|Gene::84159|Gene::847|Gene::8614|Gene::891|Gene::9429|Gene::991|Gene::9968,58,452,1004,hetionet_shared_compound_disease_gene_edges,
Compound::DB01076::Disease::DOID:1936,Atorvastatin,Compound::DB01076,breast cancer,Disease::DOID:1612,mapped,Gene::1026|Gene::10599|Gene::1565|Gene::1576|Gene::196|Gene::4312|Gene::4363|Gene::4609|Gene::4830|Gene::5111|Gene::5243,11,41,1004,hetionet_shared_compound_disease_gene_edges,
Compound::DB01076::Disease::DOID:10763,Atorvastatin,Compound::DB01076,breast cancer,Disease::DOID:1612,mapped,Gene::1026|Gene::10599|Gene::1565|Gene::1576|Gene::196|Gene::4312|Gene::4363|Gene::4609|Gene::4830|Gene::5111|Gene::5243,11,41,1004,hetionet_shared_compound_disease_gene_edges,
Compound::DB00958::Disease::DOID:2531,Carboplatin,Compound::DB00958,breast cancer,Disease::DOID:1612,mapped,Gene::1728|Gene::2944|Gene::2950|Gene::2952|Gene::540|Gene::9429,6,15,1004,hetionet_shared_compound_disease_gene_edges,
Compound::DB00958::Disease::DOID:363,Carboplatin,Compound::DB00958,breast cancer,Disease::DOID:1612,mapped,Gene::1728|Gene::2944|Gene::2950|Gene::2952|Gene::540|Gene::9429,6,15,1004,hetionet_shared_compound_disease_gene_edges,
Compound::DB00958::Disease::DOID:11054,Carboplatin,Compound::DB00958,breast cancer,Disease::DOID:1612,mapped,Gene::1728|Gene::2944|Gene::2950|Gene::2952|Gene::540|Gene::9429,6,15,1004,hetionet_shared_compound_disease_gene_edges,
Compound::DB00958::Disease::DOID:2174,Carboplatin,Compound::DB00958,breast cancer,Disease::DOID:1612,mapped,Gene::1728|Gene::2944|Gene::2950|Gene::2952|Gene::540|Gene::9429,6,15,1004,hetionet_shared_compound_disease_gene_edges,
Compound::DB00619::Disease::DOID:2531,Imatinib,Compound::DB00619,breast cancer,Disease::DOID:1612,mapped,Gene::1436|Gene::1509|Gene::1565|Gene::1576|Gene::213|Gene::25|Gene::3815|Gene::4118|Gene::4835|Gene::5156|Gene::5243|Gene::533|Gene::5742|Gene::7264|Gene::768|Gene::9429,16,51,1004,hetionet_shared_compound_disease_gene_edges,
Compound::DB01254::Disease::DOID:2531,Dasatinib,Compound::DB01254,breast cancer,Disease::DOID:1612,mapped,Gene::10051|Gene::10144|Gene::10381|Gene::10499|Gene::1058|Gene::10826|Gene::10957|Gene::11004|Gene::11065|Gene::1301|Gene::1436|Gene::1503|Gene::1509|Gene::154|Gene::1543|Gene::1545|Gene::1576|Gene::2050|Gene::2065|Gene::2146|Gene::2152|Gene::2274|Gene::22943|Gene::22948|Gene::22974|Gene::230|Gene::23234|Gene::23235|Gene::23339|Gene::23406|Gene::2353|Gene::25|Gene::25840|Gene::25875|Gene::26227|Gene::2852|Gene::3032|Gene::306|Gene::32|Gene::3265|Gene::332|Gene::3692|Gene::3725|Gene::3815|Gene::3925|Gene::4088|Gene::4582|Gene::4605|Gene::4609|Gene::4830|Gene::5002|Gene::5054|Gene::51081|Gene::5111|Gene::51155|Gene::51514|Gene::5156|Gene::51659|Gene::51741|Gene::5243|Gene::533|Gene::55055|Gene::55355|Gene::5627|Gene::56942|Gene::56997|Gene::57178|Gene::5888|Gene::595|Gene::5993|Gene::5997|Gene::6714|Gene::6817|Gene::7018|Gene::7153|Gene::7264|Gene::7298|Gene::79682|Gene::84159|Gene::847|Gene::8878|Gene::891|Gene::9052|Gene::9133|Gene::9319|Gene::9429|Gene::983|Gene::9833|Gene::991|Gene::9968,90,558,1004,hetionet_shared_compound_disease_gene_edges,
Compound::DB04845::Disease::DOID:2994,Ixabepilone,Compound::DB04845,breast cancer,Disease::DOID:1612,mapped,Gene::10381|Gene::1576,2,10,1004,hetionet_shared_compound_disease_gene_edges,
Compound::DB00451::Disease::DOID:1459,Levothyroxine,Compound::DB00451,breast cancer,Disease::DOID:1612,mapped,Gene::10551|Gene::10599|Gene::1576|Gene::213|Gene::2274|Gene::2690|Gene::5243|Gene::6812|Gene::7068|Gene::991,10,35,1004,hetionet_shared_compound_disease_gene_edges,
Compound::DB01080::Disease::DOID:1826,Vigabatrin,Compound::DB01080,breast cancer,Disease::DOID:1612,no_shared_targets,,0,5,1004,hetionet_shared_compound_disease_gene_edges,"Compound and disease were found, but no shared Gene targets matched the configured KG edge types."
Compound::DB00273::Disease::DOID:1826,Topiramate,Compound::DB00273,breast cancer,Disease::DOID:1612,mapped,Gene::1301|Gene::1576|Gene::768|Gene::991,4,31,1004,hetionet_shared_compound_disease_gene_edges,
Compound::DB00261::Disease::DOID:8893,Anagrelide,Compound::DB00261,breast cancer,Disease::DOID:1612,mapped,Gene::2063|Gene::3091|Gene::533|Gene::85236|Gene::991,5,53,1004,hetionet_shared_compound_disease_gene_edges,
Compound::DB00261::Disease::DOID:1909,Anagrelide,Compound::DB00261,breast cancer,Disease::DOID:1612,mapped,Gene::2063|Gene::3091|Gene::533|Gene::85236|Gene::991,5,53,1004,hetionet_shared_compound_disease_gene_edges,
Compound::DB01075::Disease::DOID:363,Diphenhydramine,Compound::DB01075,breast cancer,Disease::DOID:1612,mapped,Gene::1565|Gene::5742,2,12,1004,hetionet_shared_compound_disease_gene_edges,
Compound::DB01075::Disease::DOID:2841,Diphenhydramine,Compound::DB01075,breast cancer,Disease::DOID:1612,mapped,Gene::1565|Gene::5742,2,12,1004,hetionet_shared_compound_disease_gene_edges,
Compound::DB00401::Disease::DOID:1192,Nisoldipine,Compound::DB00401,breast cancer,Disease::DOID:1612,mapped,Gene::1576|Gene::3162|Gene::4931|Gene::5243|Gene::5627|Gene::9801|Gene::991,7,29,1004,hetionet_shared_compound_disease_gene_edges,
Compound::DB00252::Disease::DOID:1826,Phenytoin,Compound::DB00252,breast cancer,Disease::DOID:1612,mapped,Gene::1576|Gene::213|Gene::5243|Gene::9903,4,32,1004,hetionet_shared_compound_disease_gene_edges,
Compound::DB00205::Disease::DOID:4159,Pyrimethamine,Compound::DB00205,breast cancer,Disease::DOID:1612,mapped,Gene::1058|Gene::11004|Gene::1565|Gene::22974|Gene::3161|Gene::332|Gene::55355|Gene::5743|Gene::6790|Gene::7153|Gene::891|Gene::8914|Gene::9133|Gene::991,14,57,1004,hetionet_shared_compound_disease_gene_edges,
Compound::DB01136::Disease::DOID:10763,Carvedilol,Compound::DB01136,breast cancer,Disease::DOID:1612,mapped,Gene::154|Gene::1543|Gene::1565|Gene::1576|Gene::3091|Gene::5243|Gene::5742|Gene::7422|Gene::991,9,30,1004,hetionet_shared_compound_disease_gene_edges,
Compound::DB00571::Disease::DOID:6364,Propranolol,Compound::DB00571,breast cancer,Disease::DOID:1612,mapped,Gene::154|Gene::1543|Gene::1565|Gene::1576|Gene::5243,5,19,1004,hetionet_shared_compound_disease_gene_edges,
Compound::DB00515::Disease::DOID:2531,Cisplatin,Compound::DB00515,breast cancer,Disease::DOID:1612,mapped,Gene::1728|Gene::2944|Gene::2950|Gene::2952|Gene::5243|Gene::540|Gene::5743|Gene::590|Gene::9429,9,25,1004,hetionet_shared_compound_disease_gene_edges,
Compound::DB00515::Disease::DOID:1612,Cisplatin,Compound::DB00515,breast cancer,Disease::DOID:1612,mapped,Gene::1728|Gene::2944|Gene::2950|Gene::2952|Gene::5243|Gene::540|Gene::5743|Gene::590|Gene::9429,9,25,1004,hetionet_shared_compound_disease_gene_edges,
Compound::DB06589::Disease::DOID:263,Pazopanib,Compound::DB06589,breast cancer,Disease::DOID:1612,mapped,Gene::10599|Gene::11200|Gene::1436|Gene::1565|Gene::1576|Gene::1788|Gene::1950|Gene::2246|Gene::2260|Gene::2263|Gene::2321|Gene::26064|Gene::2886|Gene::3576|Gene::3791|Gene::3815|Gene::4931|Gene::5156|Gene::5243|Gene::5321|Gene::6241|Gene::6714|Gene::7422|Gene::9429|Gene::958,25,166,1004,hetionet_shared_compound_disease_gene_edges,
Compound::DB00839::Disease::DOID:9352,Tolazamide,Compound::DB00839,breast cancer,Disease::DOID:1612,no_shared_targets,,0,9,1004,hetionet_shared_compound_disease_gene_edges,"Compound and disease were found, but no shared Gene targets matched the configured KG edge types."
Compound::DB08866::Disease::DOID:7147,Estradiol valerate/Dienogest,Compound::DB08866,breast cancer,Disease::DOID:1612,mapped,Gene::1576|Gene::1786|Gene::26227|Gene::308|Gene::4931|Gene::5111|Gene::5290|Gene::596|Gene::652|Gene::7852,10,90,1004,hetionet_shared_compound_disease_gene_edges,
Compound::DB00795::Disease::DOID:7147,Sulfasalazine,Compound::DB00795,breast cancer,Disease::DOID:1612,mapped,Gene::10599|Gene::5742|Gene::5743|Gene::9429,4,20,1004,hetionet_shared_compound_disease_gene_edges,
Compound::DB00539::Disease::DOID:1612,Toremifene,Compound::DB00539,breast cancer,Disease::DOID:1612,mapped,Gene::102|Gene::11065|Gene::1301|Gene::1543|Gene::1576|Gene::2065|Gene::2099|Gene::230|Gene::2690|Gene::5111|Gene::5243|Gene::5627|Gene::6696|Gene::6713|Gene::6714|Gene::8878|Gene::891|Gene::9133|Gene::991,19,124,1004,hetionet_shared_compound_disease_gene_edges,
Compound::DB00222::Disease::DOID:10763,Glimepiride,Compound::DB00222,breast cancer,Disease::DOID:1612,no_shared_targets,,0,4,1004,hetionet_shared_compound_disease_gene_edges,"Compound and disease were found, but no shared Gene targets matched the configured KG edge types."
Compound::DB02546::Disease::DOID:1324,Vorinostat,Compound::DB02546,breast cancer,Disease::DOID:1612,mapped,Gene::10051|Gene::1019|Gene::1026|Gene::1027|Gene::1028|Gene::10491|Gene::10519|Gene::1058|Gene::1063|Gene::11230|Gene::1312|Gene::1503|Gene::154|Gene::1786|Gene::1894|Gene::2063|Gene::2064|Gene::2099|Gene::218|Gene::2194|Gene::2274|Gene::22943|Gene::230|Gene::2305|Gene::23234|Gene::2353|Gene::2354|Gene::2592|Gene::259266|Gene::2877|Gene::3162|Gene::332|Gene::369|Gene::4088|Gene::4282|Gene::4609|Gene::4792|Gene::4851|Gene::5111|Gene::5154|Gene::51659|Gene::5300|Gene::533|Gene::55740|Gene::5603|Gene::5831|Gene::595|Gene::5997|Gene::63916|Gene::672|Gene::6772|Gene::6790|Gene::6804|Gene::6812|Gene::708|Gene::7984|Gene::8065|Gene::8202|Gene::8204|Gene::891|Gene::9133|Gene::9611|Gene::9801|Gene::983|Gene::9833|Gene::9837|Gene::991,67,510,1004,hetionet_shared_compound_disease_gene_edges,
Compound::DB00884::Disease::DOID:9074,Risedronate,Compound::DB00884,breast cancer,Disease::DOID:1612,mapped,Gene::5743,1,2,1004,hetionet_shared_compound_disease_gene_edges,
Compound::DB01214::Disease::DOID:9970,Metipranolol,Compound::DB01214,breast cancer,Disease::DOID:1612,mapped,Gene::154,1,2,1004,hetionet_shared_compound_disease_gene_edges,
Compound::DB00631::Disease::DOID:1192,Clofarabine,Compound::DB00631,breast cancer,Disease::DOID:1612,mapped,Gene::1026|Gene::1033|Gene::10403|Gene::1058|Gene::1063|Gene::11004|Gene::11065|Gene::11113|Gene::1958|Gene::2274|Gene::22974|Gene::2305|Gene::2353|Gene::2354|Gene::259266|Gene::29127|Gene::2920|Gene::3161|Gene::332|Gene::3569|Gene::3628|Gene::3725|Gene::3833|Gene::4118|Gene::4288|Gene::4605|Gene::4751|Gene::4792|Gene::5050|Gene::51203|Gene::55165|Gene::55355|Gene::55872|Gene::5743|Gene::5997|Gene::6241|Gene::6509|Gene::6790|Gene::7153|Gene::7272|Gene::7286|Gene::85236|Gene::891|Gene::9055|Gene::9133|Gene::9232|Gene::9429|Gene::9493|Gene::983|Gene::991,50,162,1004,hetionet_shared_compound_disease_gene_edges,
Compound::DB00396::Disease::DOID:363,Progesterone,Compound::DB00396,breast cancer,Disease::DOID:1612,mapped,Gene::1543|Gene::1545|Gene::1565|Gene::1576|Gene::1586|Gene::2099|Gene::2908|Gene::3162|Gene::367|Gene::4306|Gene::4363|Gene::4609|Gene::5241|Gene::5243|Gene::5300|Gene::6462|Gene::85236|Gene::991,18,43,1004,hetionet_shared_compound_disease_gene_edges,
Compound::DB04572::Disease::DOID:2531,Thiotepa,Compound::DB04572,breast cancer,Disease::DOID:1612,mapped,Gene::1576|Gene::1788|Gene::4313|Gene::7422,4,39,1004,hetionet_shared_compound_disease_gene_edges,
Compound::DB00499::Disease::DOID:2377,Flutamide,Compound::DB00499,breast cancer,Disease::DOID:1612,mapped,Gene::1543|Gene::1545|Gene::1576|Gene::196|Gene::2770|Gene::367|Gene::5111|Gene::891,8,25,1004,hetionet_shared_compound_disease_gene_edges,
Compound::DB00651::Disease::DOID:2998,Dyphylline,Compound::DB00651,breast cancer,Disease::DOID:1612,mapped,Gene::5144,1,9,1004,hetionet_shared_compound_disease_gene_edges,
Compound::DB00724::Disease::DOID:4159,Imiquimod,Compound::DB00724,breast cancer,Disease::DOID:1612,mapped,Gene::1576,1,8,1004,hetionet_shared_compound_disease_gene_edges,
Compound::DB01268::Disease::DOID:263,Sunitinib,Compound::DB01268,breast cancer,Disease::DOID:1612,mapped,Gene::11200|Gene::142|Gene::1436|Gene::1576|Gene::2065|Gene::2260|Gene::2263|Gene::22948|Gene::2321|Gene::238|Gene::2582|Gene::3791|Gene::3815|Gene::4605|Gene::5111|Gene::5156|Gene::5243|Gene::6241|Gene::6794|Gene::7018|Gene::9429|Gene::991,22,208,1004,hetionet_shared_compound_disease_gene_edges,
Compound::DB00997::Disease::DOID:2531,Doxorubicin,Compound::DB00997,breast cancer,Disease::DOID:1612,mapped,Gene::10051|Gene::1019|Gene::1027|Gene::1058|Gene::10884|Gene::11004|Gene::11065|Gene::11200|Gene::11230|Gene::124583|Gene::1301|Gene::1509|Gene::1545|Gene::1565|Gene::1576|Gene::1728|Gene::1788|Gene::1950|Gene::2064|Gene::2091|Gene::2263|Gene::2274|Gene::22974|Gene::230|Gene::23705|Gene::25|Gene::2770|Gene::2852|Gene::3006|Gene::3032|Gene::3162|Gene::3553|Gene::3815|Gene::4128|Gene::4193|Gene::4312|Gene::4363|Gene::4609|Gene::4722|Gene::4792|Gene::4843|Gene::4846|Gene::4851|Gene::501|Gene::5058|Gene::51081|Gene::5111|Gene::51599|Gene::5243|Gene::55355|Gene::5603|Gene::56997|Gene::5721|Gene::5997|Gene::641|Gene::64755|Gene::6574|Gene::672|Gene::6790|Gene::7015|Gene::7153|Gene::7272|Gene::7372|Gene::7852|Gene::79971|Gene::8204|Gene::8835|Gene::8894|Gene::891|Gene::9133|Gene::9429|Gene::9493|Gene::9833|Gene::991|Gene::9968|Gene::999,76,528,1004,hetionet_shared_compound_disease_gene_edges,
Compound::DB00997::Disease::DOID:4045,Doxorubicin,Compound::DB00997,breast cancer,Disease::DOID:1612,mapped,Gene::10051|Gene::1019|Gene::1027|Gene::1058|Gene::10884|Gene::11004|Gene::11065|Gene::11200|Gene::11230|Gene::124583|Gene::1301|Gene::1509|Gene::1545|Gene::1565|Gene::1576|Gene::1728|Gene::1788|Gene::1950|Gene::2064|Gene::2091|Gene::2263|Gene::2274|Gene::22974|Gene::230|Gene::23705|Gene::25|Gene::2770|Gene::2852|Gene::3006|Gene::3032|Gene::3162|Gene::3553|Gene::3815|Gene::4128|Gene::4193|Gene::4312|Gene::4363|Gene::4609|Gene::4722|Gene::4792|Gene::4843|Gene::4846|Gene::4851|Gene::501|Gene::5058|Gene::51081|Gene::5111|Gene::51599|Gene::5243|Gene::55355|Gene::5603|Gene::56997|Gene::5721|Gene::5997|Gene::641|Gene::64755|Gene::6574|Gene::672|Gene::6790|Gene::7015|Gene::7153|Gene::7272|Gene::7372|Gene::7852|Gene::79971|Gene::8204|Gene::8835|Gene::8894|Gene::891|Gene::9133|Gene::9429|Gene::9493|Gene::9833|Gene::991|Gene::9968|Gene::999,76,528,1004,hetionet_shared_compound_disease_gene_edges,
Compound::DB00997::Disease::DOID:363,Doxorubicin,Compound::DB00997,breast cancer,Disease::DOID:1612,mapped,Gene::10051|Gene::1019|Gene::1027|Gene::1058|Gene::10884|Gene::11004|Gene::11065|Gene::11200|Gene::11230|Gene::124583|Gene::1301|Gene::1509|Gene::1545|Gene::1565|Gene::1576|Gene::1728|Gene::1788|Gene::1950|Gene::2064|Gene::2091|Gene::2263|Gene::2274|Gene::22974|Gene::230|Gene::23705|Gene::25|Gene::2770|Gene::2852|Gene::3006|Gene::3032|Gene::3162|Gene::3553|Gene::3815|Gene::4128|Gene::4193|Gene::4312|Gene::4363|Gene::4609|Gene::4722|Gene::4792|Gene::4843|Gene::4846|Gene::4851|Gene::501|Gene::5058|Gene::51081|Gene::5111|Gene::51599|Gene::5243|Gene::55355|Gene::5603|Gene::56997|Gene::5721|Gene::5997|Gene::641|Gene::64755|Gene::6574|Gene::672|Gene::6790|Gene::7015|Gene::7153|Gene::7272|Gene::7372|Gene::7852|Gene::79971|Gene::8204|Gene::8835|Gene::8894|Gene::891|Gene::9133|Gene::9429|Gene::9493|Gene::9833|Gene::991|Gene::9968|Gene::999,76,528,1004,hetionet_shared_compound_disease_gene_edges,
Compound::DB00997::Disease::DOID:184,Doxorubicin,Compound::DB00997,breast cancer,Disease::DOID:1612,mapped,Gene::10051|Gene::1019|Gene::1027|Gene::1058|Gene::10884|Gene::11004|Gene::11065|Gene::11200|Gene::11230|Gene::124583|Gene::1301|Gene::1509|Gene::1545|Gene::1565|Gene::1576|Gene::1728|Gene::1788|Gene::1950|Gene::2064|Gene::2091|Gene::2263|Gene::2274|Gene::22974|Gene::230|Gene::23705|Gene::25|Gene::2770|Gene::2852|Gene::3006|Gene::3032|Gene::3162|Gene::3553|Gene::3815|Gene::4128|Gene::4193|Gene::4312|Gene::4363|Gene::4609|Gene::4722|Gene::4792|Gene::4843|Gene::4846|Gene::4851|Gene::501|Gene::5058|Gene::51081|Gene::5111|Gene::51599|Gene::5243|Gene::55355|Gene::5603|Gene::56997|Gene::5721|Gene::5997|Gene::641|Gene::64755|Gene::6574|Gene::672|Gene::6790|Gene::7015|Gene::7153|Gene::7272|Gene::7372|Gene::7852|Gene::79971|Gene::8204|Gene::8835|Gene::8894|Gene::891|Gene::9133|Gene::9429|Gene::9493|Gene::9833|Gene::991|Gene::9968|Gene::999,76,528,1004,hetionet_shared_compound_disease_gene_edges,
Compound::DB00997::Disease::DOID:1793,Doxorubicin,Compound::DB00997,breast cancer,Disease::DOID:1612,mapped,Gene::10051|Gene::1019|Gene::1027|Gene::1058|Gene::10884|Gene::11004|Gene::11065|Gene::11200|Gene::11230|Gene::124583|Gene::1301|Gene::1509|Gene::1545|Gene::1565|Gene::1576|Gene::1728|Gene::1788|Gene::1950|Gene::2064|Gene::2091|Gene::2263|Gene::2274|Gene::22974|Gene::230|Gene::23705|Gene::25|Gene::2770|Gene::2852|Gene::3006|Gene::3032|Gene::3162|Gene::3553|Gene::3815|Gene::4128|Gene::4193|Gene::4312|Gene::4363|Gene::4609|Gene::4722|Gene::4792|Gene::4843|Gene::4846|Gene::4851|Gene::501|Gene::5058|Gene::51081|Gene::5111|Gene::51599|Gene::5243|Gene::55355|Gene::5603|Gene::56997|Gene::5721|Gene::5997|Gene::641|Gene::64755|Gene::6574|Gene::672|Gene::6790|Gene::7015|Gene::7153|Gene::7272|Gene::7372|Gene::7852|Gene::79971|Gene::8204|Gene::8835|Gene::8894|Gene::891|Gene::9133|Gene::9429|Gene::9493|Gene::9833|Gene::991|Gene::9968|Gene::999,76,528,1004,hetionet_shared_compound_disease_gene_edges,
Compound::DB00575::Disease::DOID:10763,Clonidine,Compound::DB00575,breast cancer,Disease::DOID:1612,mapped,Gene::1543|Gene::1565|Gene::1576|Gene::2886|Gene::4118|Gene::5243,6,32,1004,hetionet_shared_compound_disease_gene_edges,
Compound::DB00169::Disease::DOID:363,Cholecalciferol,Compound::DB00169,breast cancer,Disease::DOID:1612,mapped,Gene::1543|Gene::1565|Gene::1576|Gene::7421,4,14,1004,hetionet_shared_compound_disease_gene_edges,
Compound::DB00169::Disease::DOID:8893,Cholecalciferol,Compound::DB00169,breast cancer,Disease::DOID:1612,mapped,Gene::1543|Gene::1565|Gene::1576|Gene::7421,4,14,1004,hetionet_shared_compound_disease_gene_edges,
Compound::DB00169::Disease::DOID:2841,Cholecalciferol,Compound::DB00169,breast cancer,Disease::DOID:1612,mapped,Gene::1543|Gene::1565|Gene::1576|Gene::7421,4,14,1004,hetionet_shared_compound_disease_gene_edges,
Compound::DB00570::Disease::DOID:2994,Vinblastine,Compound::DB00570,breast cancer,Disease::DOID:1612,mapped,Gene::1017|Gene::1019|Gene::1026|Gene::10381|Gene::10499|Gene::11065|Gene::11200|Gene::1192|Gene::128|Gene::142|Gene::1565|Gene::1576|Gene::1786|Gene::1956|Gene::2065|Gene::2146|Gene::2152|Gene::216|Gene::2274|Gene::26064|Gene::29028|Gene::3033|Gene::306|Gene::3131|Gene::3280|Gene::3417|Gene::3628|Gene::3725|Gene::4085|Gene::4088|Gene::4173|Gene::4363|Gene::5054|Gene::5111|Gene::51203|Gene::51291|Gene::51514|Gene::51599|Gene::5243|Gene::5329|Gene::55379|Gene::5603|Gene::5627|Gene::56997|Gene::64222|Gene::6470|Gene::64761|Gene::6509|Gene::6595|Gene::672|Gene::6772|Gene::6790|Gene::6804|Gene::7153|Gene::7298|Gene::7852|Gene::79733|Gene::7984|Gene::80010|Gene::8270|Gene::8317|Gene::83990|Gene::840|Gene::847|Gene::8835|Gene::8878|Gene::9052|Gene::978|Gene::983|Gene::9833|Gene::9837|Gene::9903|Gene::991,73,520,1004,hetionet_shared_compound_disease_gene_edges,
Compound::DB00570::Disease::DOID:1024,Vinblastine,Compound::DB00570,breast cancer,Disease::DOID:1612,mapped,Gene::1017|Gene::1019|Gene::1026|Gene::10381|Gene::10499|Gene::11065|Gene::11200|Gene::1192|Gene::128|Gene::142|Gene::1565|Gene::1576|Gene::1786|Gene::1956|Gene::2065|Gene::2146|Gene::2152|Gene::216|Gene::2274|Gene::26064|Gene::29028|Gene::3033|Gene::306|Gene::3131|Gene::3280|Gene::3417|Gene::3628|Gene::3725|Gene::4085|Gene::4088|Gene::4173|Gene::4363|Gene::5054|Gene::5111|Gene::51203|Gene::51291|Gene::51514|Gene::51599|Gene::5243|Gene::5329|Gene::55379|Gene::5603|Gene::5627|Gene::56997|Gene::64222|Gene::6470|Gene::64761|Gene::6509|Gene::6595|Gene::672|Gene::6772|Gene::6790|Gene::6804|Gene::7153|Gene::7298|Gene::7852|Gene::79733|Gene::7984|Gene::80010|Gene::8270|Gene::8317|Gene::83990|Gene::840|Gene::847|Gene::8835|Gene::8878|Gene::9052|Gene::978|Gene::983|Gene::9833|Gene::9837|Gene::9903|Gene::991,73,520,1004,hetionet_shared_compound_disease_gene_edges,
Compound::DB00570::Disease::DOID:1612,Vinblastine,Compound::DB00570,breast cancer,Disease::DOID:1612,mapped,Gene::1017|Gene::1019|Gene::1026|Gene::10381|Gene::10499|Gene::11065|Gene::11200|Gene::1192|Gene::128|Gene::142|Gene::1565|Gene::1576|Gene::1786|Gene::1956|Gene::2065|Gene::2146|Gene::2152|Gene::216|Gene::2274|Gene::26064|Gene::29028|Gene::3033|Gene::306|Gene::3131|Gene::3280|Gene::3417|Gene::3628|Gene::3725|Gene::4085|Gene::4088|Gene::4173|Gene::4363|Gene::5054|Gene::5111|Gene::51203|Gene::51291|Gene::51514|Gene::51599|Gene::5243|Gene::5329|Gene::55379|Gene::5603|Gene::5627|Gene::56997|Gene::64222|Gene::6470|Gene::64761|Gene::6509|Gene::6595|Gene::672|Gene::6772|Gene::6790|Gene::6804|Gene::7153|Gene::7298|Gene::7852|Gene::79733|Gene::7984|Gene::80010|Gene::8270|Gene::8317|Gene::83990|Gene::840|Gene::847|Gene::8835|Gene::8878|Gene::9052|Gene::978|Gene::983|Gene::9833|Gene::9837|Gene::9903|Gene::991,73,520,1004,hetionet_shared_compound_disease_gene_edges,
Compound::DB00570::Disease::DOID:11934,Vinblastine,Compound::DB00570,breast cancer,Disease::DOID:1612,mapped,Gene::1017|Gene::1019|Gene::1026|Gene::10381|Gene::10499|Gene::11065|Gene::11200|Gene::1192|Gene::128|Gene::142|Gene::1565|Gene::1576|Gene::1786|Gene::1956|Gene::2065|Gene::2146|Gene::2152|Gene::216|Gene::2274|Gene::26064|Gene::29028|Gene::3033|Gene::306|Gene::3131|Gene::3280|Gene::3417|Gene::3628|Gene::3725|Gene::4085|Gene::4088|Gene::4173|Gene::4363|Gene::5054|Gene::5111|Gene::51203|Gene::51291|Gene::51514|Gene::51599|Gene::5243|Gene::5329|Gene::55379|Gene::5603|Gene::5627|Gene::56997|Gene::64222|Gene::6470|Gene::64761|Gene::6509|Gene::6595|Gene::672|Gene::6772|Gene::6790|Gene::6804|Gene::7153|Gene::7298|Gene::7852|Gene::79733|Gene::7984|Gene::80010|Gene::8270|Gene::8317|Gene::83990|Gene::840|Gene::847|Gene::8835|Gene::8878|Gene::9052|Gene::978|Gene::983|Gene::9833|Gene::9837|Gene::9903|Gene::991,73,520,1004,hetionet_shared_compound_disease_gene_edges,
Compound::DB00397::Disease::DOID:9970,Phenylpropanolamine,Compound::DB00397,breast cancer,Disease::DOID:1612,mapped,Gene::154|Gene::4128|Gene::991,3,25,1004,hetionet_shared_compound_disease_gene_edges,
Compound::DB01229::Disease::DOID:1612,Paclitaxel,Compound::DB01229,breast cancer,Disease::DOID:1612,mapped,Gene::10051|Gene::1017|Gene::1019|Gene::10381|Gene::10403|Gene::10491|Gene::11004|Gene::11065|Gene::11200|Gene::128|Gene::1545|Gene::1576|Gene::1588|Gene::1933|Gene::2274|Gene::23094|Gene::2920|Gene::2921|Gene::3033|Gene::3692|Gene::3855|Gene::4312|Gene::4363|Gene::4609|Gene::4792|Gene::4851|Gene::5111|Gene::51514|Gene::5243|Gene::596|Gene::6790|Gene::7153|Gene::7298|Gene::8345|Gene::8347|Gene::8357|Gene::85236|Gene::891|Gene::9133|Gene::9429|Gene::9493|Gene::9768|Gene::983|Gene::9833|Gene::9837|Gene::991,46,212,1004,hetionet_shared_compound_disease_gene_edges,
Compound::DB00853::Disease::DOID:1319,Temozolomide,Compound::DB00853,breast cancer,Disease::DOID:1612,mapped,Gene::1576,1,10,1004,hetionet_shared_compound_disease_gene_edges,
Compound::DB08877::Disease::DOID:1793,Ruxolitinib,Compound::DB08877,breast cancer,Disease::DOID:1612,mapped,Gene::11230|Gene::1576|Gene::207|Gene::23406|Gene::2582|Gene::25875|Gene::4792|Gene::5050|Gene::5300|Gene::5743|Gene::659|Gene::672|Gene::7372|Gene::9201,14,183,1004,hetionet_shared_compound_disease_gene_edges,
Compound::DB08877::Disease::DOID:10534,Ruxolitinib,Compound::DB08877,breast cancer,Disease::DOID:1612,mapped,Gene::11230|Gene::1576|Gene::207|Gene::23406|Gene::2582|Gene::25875|Gene::4792|Gene::5050|Gene::5300|Gene::5743|Gene::659|Gene::672|Gene::7372|Gene::9201,14,183,1004,hetionet_shared_compound_disease_gene_edges,
Compound::DB00457::Disease::DOID:11054,Prazosin,Compound::DB00457,breast cancer,Disease::DOID:1612,mapped,Gene::1543|Gene::4504|Gene::5243|Gene::9429,4,20,1004,hetionet_shared_compound_disease_gene_edges,
Compound::DB01177::Disease::DOID:184,Idarubicin,Compound::DB01177,breast cancer,Disease::DOID:1612,mapped,Gene::10051|Gene::1026|Gene::1027|Gene::1033|Gene::1058|Gene::1063|Gene::11004|Gene::11065|Gene::1164|Gene::124583|Gene::1301|Gene::1459|Gene::1509|Gene::1565|Gene::1788|Gene::1894|Gene::1950|Gene::2091|Gene::2146|Gene::216|Gene::2263|Gene::22974|Gene::230|Gene::2305|Gene::23705|Gene::25|Gene::259266|Gene::2736|Gene::2852|Gene::29127|Gene::3032|Gene::3161|Gene::3162|Gene::332|Gene::3480|Gene::3553|Gene::3628|Gene::3815|Gene::4118|Gene::4128|Gene::4193|Gene::4288|Gene::4312|Gene::4363|Gene::4609|Gene::4751|Gene::4792|Gene::4851|Gene::5054|Gene::5058|Gene::5111|Gene::51155|Gene::51599|Gene::55355|Gene::55872|Gene::5721|Gene::5925|Gene::641|Gene::64151|Gene::672|Gene::6790|Gene::7015|Gene::7153|Gene::7272|Gene::7372|Gene::7852|Gene::8202|Gene::8204|Gene::847|Gene::8835|Gene::891|Gene::9055|Gene::9133|Gene::9493|Gene::9793|Gene::983|Gene::9833|Gene::991|Gene::9968,79,503,1004,hetionet_shared_compound_disease_gene_edges,
Compound::DB01177::Disease::DOID:2998,Idarubicin,Compound::DB01177,breast cancer,Disease::DOID:1612,mapped,Gene::10051|Gene::1026|Gene::1027|Gene::1033|Gene::1058|Gene::1063|Gene::11004|Gene::11065|Gene::1164|Gene::124583|Gene::1301|Gene::1459|Gene::1509|Gene::1565|Gene::1788|Gene::1894|Gene::1950|Gene::2091|Gene::2146|Gene::216|Gene::2263|Gene::22974|Gene::230|Gene::2305|Gene::23705|Gene::25|Gene::259266|Gene::2736|Gene::2852|Gene::29127|Gene::3032|Gene::3161|Gene::3162|Gene::332|Gene::3480|Gene::3553|Gene::3628|Gene::3815|Gene::4118|Gene::4128|Gene::4193|Gene::4288|Gene::4312|Gene::4363|Gene::4609|Gene::4751|Gene::4792|Gene::4851|Gene::5054|Gene::5058|Gene::5111|Gene::51155|Gene::51599|Gene::55355|Gene::55872|Gene::5721|Gene::5925|Gene::641|Gene::64151|Gene::672|Gene::6790|Gene::7015|Gene::7153|Gene::7272|Gene::7372|Gene::7852|Gene::8202|Gene::8204|Gene::847|Gene::8835|Gene::891|Gene::9055|Gene::9133|Gene::9493|Gene::9793|Gene::983|Gene::9833|Gene::991|Gene::9968,79,503,1004,hetionet_shared_compound_disease_gene_edges,
Compound::DB06287::Disease::DOID:1612,Temsirolimus,Compound::DB06287,breast cancer,Disease::DOID:1612,mapped,Gene::10055|Gene::1027|Gene::10884|Gene::10957|Gene::1301|Gene::142|Gene::1479|Gene::1565|Gene::1576|Gene::1788|Gene::1942|Gene::1950|Gene::207|Gene::2146|Gene::226|Gene::2263|Gene::2475|Gene::25855|Gene::25875|Gene::26064|Gene::2886|Gene::3162|Gene::3265|Gene::3480|Gene::3628|Gene::4118|Gene::4312|Gene::4313|Gene::4601|Gene::4609|Gene::4830|Gene::4931|Gene::5050|Gene::51081|Gene::5111|Gene::51155|Gene::51232|Gene::5243|Gene::5245|Gene::5290|Gene::5300|Gene::5321|Gene::55379|Gene::56997|Gene::5743|Gene::64755|Gene::65993|Gene::6790|Gene::7018|Gene::84159|Gene::8835|Gene::90|Gene::958|Gene::9812|Gene::9833|Gene::991|Gene::9968,57,481,1004,hetionet_shared_compound_disease_gene_edges,
Compound::DB01409::Disease::DOID:2841,Tiotropium,Compound::DB01409,breast cancer,Disease::DOID:1612,mapped,Gene::1565|Gene::1576,2,8,1004,hetionet_shared_compound_disease_gene_edges,
Compound::DB00444::Disease::DOID:3310,Teniposide,Compound::DB00444,breast cancer,Disease::DOID:1612,mapped,Gene::10051|Gene::1019|Gene::102|Gene::10236|Gene::1026|Gene::10318|Gene::1033|Gene::10403|Gene::1058|Gene::1063|Gene::11004|Gene::11065|Gene::11113|Gene::11200|Gene::1164|Gene::1301|Gene::142|Gene::1437|Gene::154|Gene::1576|Gene::1808|Gene::1894|Gene::1958|Gene::2146|Gene::216|Gene::2274|Gene::22974|Gene::230|Gene::23028|Gene::2305|Gene::23406|Gene::23705|Gene::259266|Gene::26227|Gene::2852|Gene::29127|Gene::2920|Gene::3161|Gene::332|Gene::3553|Gene::3628|Gene::3725|Gene::3833|Gene::3852|Gene::4001|Gene::4085|Gene::4193|Gene::4288|Gene::4609|Gene::4751|Gene::4792|Gene::4851|Gene::5050|Gene::5054|Gene::51155|Gene::51203|Gene::5154|Gene::51659|Gene::5268|Gene::541578|Gene::55165|Gene::55355|Gene::55732|Gene::55872|Gene::56997|Gene::57178|Gene::5721|Gene::5743|Gene::581|Gene::5831|Gene::5993|Gene::5997|Gene::6236|Gene::641|Gene::64151|Gene::672|Gene::6790|Gene::7112|Gene::7153|Gene::7272|Gene::7286|Gene::79801|Gene::813|Gene::8202|Gene::8204|Gene::841|Gene::8648|Gene::8835|Gene::891|Gene::8914|Gene::9055|Gene::9133|Gene::9232|Gene::9319|Gene::9429|Gene::9493|Gene::9793|Gene::9801|Gene::983|Gene::9833|Gene::9903|Gene::991,102,508,1004,hetionet_shared_compound_disease_gene_edges,
Compound::DB00444::Disease::DOID:4481,Teniposide,Compound::DB00444,breast cancer,Disease::DOID:1612,mapped,Gene::10051|Gene::1019|Gene::102|Gene::10236|Gene::1026|Gene::10318|Gene::1033|Gene::10403|Gene::1058|Gene::1063|Gene::11004|Gene::11065|Gene::11113|Gene::11200|Gene::1164|Gene::1301|Gene::142|Gene::1437|Gene::154|Gene::1576|Gene::1808|Gene::1894|Gene::1958|Gene::2146|Gene::216|Gene::2274|Gene::22974|Gene::230|Gene::23028|Gene::2305|Gene::23406|Gene::23705|Gene::259266|Gene::26227|Gene::2852|Gene::29127|Gene::2920|Gene::3161|Gene::332|Gene::3553|Gene::3628|Gene::3725|Gene::3833|Gene::3852|Gene::4001|Gene::4085|Gene::4193|Gene::4288|Gene::4609|Gene::4751|Gene::4792|Gene::4851|Gene::5050|Gene::5054|Gene::51155|Gene::51203|Gene::5154|Gene::51659|Gene::5268|Gene::541578|Gene::55165|Gene::55355|Gene::55732|Gene::55872|Gene::56997|Gene::57178|Gene::5721|Gene::5743|Gene::581|Gene::5831|Gene::5993|Gene::5997|Gene::6236|Gene::641|Gene::64151|Gene::672|Gene::6790|Gene::7112|Gene::7153|Gene::7272|Gene::7286|Gene::79801|Gene::813|Gene::8202|Gene::8204|Gene::841|Gene::8648|Gene::8835|Gene::891|Gene::8914|Gene::9055|Gene::9133|Gene::9232|Gene::9319|Gene::9429|Gene::9493|Gene::9793|Gene::9801|Gene::983|Gene::9833|Gene::9903|Gene::991,102,508,1004,hetionet_shared_compound_disease_gene_edges,
Compound::DB00970::Disease::DOID:1909,Dactinomycin,Compound::DB00970,breast cancer,Disease::DOID:1612,mapped,Gene::1026|Gene::1027|Gene::1033|Gene::1058|Gene::10884|Gene::11004|Gene::11065|Gene::120|Gene::124583|Gene::1301|Gene::1509|Gene::1950|Gene::2012|Gene::2091|Gene::2146|Gene::2263|Gene::2274|Gene::22974|Gene::230|Gene::25|Gene::2736|Gene::3162|Gene::3553|Gene::3815|Gene::4128|Gene::4312|Gene::4313|Gene::4363|Gene::4609|Gene::4792|Gene::4846|Gene::4851|Gene::501|Gene::5058|Gene::51081|Gene::5111|Gene::51155|Gene::5243|Gene::5603|Gene::5997|Gene::6275|Gene::6622|Gene::6790|Gene::7015|Gene::7020|Gene::7153|Gene::7372|Gene::7852|Gene::8204|Gene::847|Gene::858|Gene::8835|Gene::8850|Gene::8863|Gene::8894|Gene::9133|Gene::9315|Gene::9429|Gene::983|Gene::9833|Gene::991|Gene::9968,62,505,1004,hetionet_shared_compound_disease_gene_edges,
Compound::DB00970::Disease::DOID:2998,Dactinomycin,Compound::DB00970,breast cancer,Disease::DOID:1612,mapped,Gene::1026|Gene::1027|Gene::1033|Gene::1058|Gene::10884|Gene::11004|Gene::11065|Gene::120|Gene::124583|Gene::1301|Gene::1509|Gene::1950|Gene::2012|Gene::2091|Gene::2146|Gene::2263|Gene::2274|Gene::22974|Gene::230|Gene::25|Gene::2736|Gene::3162|Gene::3553|Gene::3815|Gene::4128|Gene::4312|Gene::4313|Gene::4363|Gene::4609|Gene::4792|Gene::4846|Gene::4851|Gene::501|Gene::5058|Gene::51081|Gene::5111|Gene::51155|Gene::5243|Gene::5603|Gene::5997|Gene::6275|Gene::6622|Gene::6790|Gene::7015|Gene::7020|Gene::7153|Gene::7372|Gene::7852|Gene::8204|Gene::847|Gene::858|Gene::8835|Gene::8850|Gene::8863|Gene::8894|Gene::9133|Gene::9315|Gene::9429|Gene::983|Gene::9833|Gene::991|Gene::9968,62,505,1004,hetionet_shared_compound_disease_gene_edges,
Compound::DB00641::Disease::DOID:1936,Simvastatin,Compound::DB00641,breast cancer,Disease::DOID:1612,mapped,Gene::1026|Gene::1033|Gene::10351|Gene::10551|Gene::1058|Gene::10599|Gene::10628|Gene::10826|Gene::10957|Gene::11004|Gene::11031|Gene::11065|Gene::11230|Gene::142|Gene::1503|Gene::1509|Gene::1565|Gene::1576|Gene::2065|Gene::2146|Gene::2274|Gene::23406|Gene::2852|Gene::2934|Gene::332|Gene::3486|Gene::3553|Gene::3725|Gene::3909|Gene::3945|Gene::4085|Gene::4240|Gene::4312|Gene::4313|Gene::4582|Gene::4605|Gene::4609|Gene::4792|Gene::4830|Gene::5054|Gene::51081|Gene::5111|Gene::51514|Gene::51659|Gene::5243|Gene::55355|Gene::595|Gene::6275|Gene::64755|Gene::6790|Gene::6804|Gene::6817|Gene::7037|Gene::708|Gene::7153|Gene::7298|Gene::784|Gene::79622|Gene::8202|Gene::847|Gene::85236|Gene::9133|Gene::9319|Gene::9801|Gene::983|Gene::991,66,426,1004,hetionet_shared_compound_disease_gene_edges,
Compound::DB00627::Disease::DOID:3393,Niacin,Compound::DB00627,breast cancer,Disease::DOID:1612,mapped,Gene::1565|Gene::6286|Gene::9123,3,15,1004,hetionet_shared_compound_disease_gene_edges,
Compound::DB00291::Disease::DOID:11054,Chlorambucil,Compound::DB00291,breast cancer,Disease::DOID:1612,mapped,Gene::1026|Gene::1058|Gene::11065|Gene::2274|Gene::23406|Gene::2582|Gene::2950|Gene::332|Gene::3628|Gene::4193|Gene::4609|Gene::581|Gene::5831|Gene::6790|Gene::85236|Gene::891|Gene::9133|Gene::991,18,48,1004,hetionet_shared_compound_disease_gene_edges,
Compound::DB00291::Disease::DOID:2531,Chlorambucil,Compound::DB00291,breast cancer,Disease::DOID:1612,mapped,Gene::1026|Gene::1058|Gene::11065|Gene::2274|Gene::23406|Gene::2582|Gene::2950|Gene::332|Gene::3628|Gene::4193|Gene::4609|Gene::581|Gene::5831|Gene::6790|Gene::85236|Gene::891|Gene::9133|Gene::991,18,48,1004,hetionet_shared_compound_disease_gene_edges,
Compound::DB00291::Disease::DOID:10534,Chlorambucil,Compound::DB00291,breast cancer,Disease::DOID:1612,mapped,Gene::1026|Gene::1058|Gene::11065|Gene::2274|Gene::23406|Gene::2582|Gene::2950|Gene::332|Gene::3628|Gene::4193|Gene::4609|Gene::581|Gene::5831|Gene::6790|Gene::85236|Gene::891|Gene::9133|Gene::991,18,48,1004,hetionet_shared_compound_disease_gene_edges,
Compound::DB08868::Disease::DOID:1612,Fingolimod,Compound::DB08868,breast cancer,Disease::DOID:1612,mapped,Gene::1565|Gene::1576,2,10,1004,hetionet_shared_compound_disease_gene_edges,
Compound::DB00381::Disease::DOID:7147,Amlodipine,Compound::DB00381,breast cancer,Disease::DOID:1612,mapped,Gene::1026|Gene::1509|Gene::1543|Gene::1565|Gene::1576|Gene::1649|Gene::2146|Gene::230|Gene::3162|Gene::3417|Gene::5243|Gene::6696|Gene::6713|Gene::8878|Gene::9133|Gene::991,16,113,1004,hetionet_shared_compound_disease_gene_edges,
Compound::DB00381::Disease::DOID:1686,Amlodipine,Compound::DB00381,breast cancer,Disease::DOID:1612,mapped,Gene::1026|Gene::1509|Gene::1543|Gene::1565|Gene::1576|Gene::1649|Gene::2146|Gene::230|Gene::3162|Gene::3417|Gene::5243|Gene::6696|Gene::6713|Gene::8878|Gene::9133|Gene::991,16,113,1004,hetionet_shared_compound_disease_gene_edges,
Compound::DB00381::Disease::DOID:1324,Amlodipine,Compound::DB00381,breast cancer,Disease::DOID:1612,mapped,Gene::1026|Gene::1509|Gene::1543|Gene::1565|Gene::1576|Gene::1649|Gene::2146|Gene::230|Gene::3162|Gene::3417|Gene::5243|Gene::6696|Gene::6713|Gene::8878|Gene::9133|Gene::991,16,113,1004,hetionet_shared_compound_disease_gene_edges,
Compound::DB01042::Disease::DOID:1192,Melphalan,Compound::DB01042,breast cancer,Disease::DOID:1612,mapped,Gene::1026,1,6,1004,hetionet_shared_compound_disease_gene_edges,
Compound::DB01042::Disease::DOID:2531,Melphalan,Compound::DB01042,breast cancer,Disease::DOID:1612,mapped,Gene::1026,1,6,1004,hetionet_shared_compound_disease_gene_edges,
Compound::DB01042::Disease::DOID:363,Melphalan,Compound::DB01042,breast cancer,Disease::DOID:1612,mapped,Gene::1026,1,6,1004,hetionet_shared_compound_disease_gene_edges,
Compound::DB01047::Disease::DOID:2841,Fluocinonide,Compound::DB01047,breast cancer,Disease::DOID:1612,mapped,Gene::2908|Gene::3486|Gene::4088|Gene::4792|Gene::5058|Gene::5743,6,39,1004,hetionet_shared_compound_disease_gene_edges,
Compound::DB00495::Disease::DOID:10763,Zidovudine,Compound::DB00495,breast cancer,Disease::DOID:1612,mapped,Gene::1576|Gene::213|Gene::5243|Gene::6382|Gene::7015|Gene::7083|Gene::9154|Gene::9429,8,30,1004,hetionet_shared_compound_disease_gene_edges,
Compound::DB00987::Disease::DOID:2531,Cytarabine,Compound::DB00987,breast cancer,Disease::DOID:1612,mapped,Gene::10051|Gene::1026|Gene::1033|Gene::10403|Gene::1058|Gene::1063|Gene::11004|Gene::11065|Gene::1301|Gene::1576|Gene::22948|Gene::22974|Gene::2305|Gene::23406|Gene::259266|Gene::2770|Gene::2920|Gene::3161|Gene::3240|Gene::332|Gene::3553|Gene::3628|Gene::3725|Gene::4118|Gene::4605|Gene::4609|Gene::4751|Gene::4792|Gene::5111|Gene::51203|Gene::51514|Gene::55165|Gene::55355|Gene::5743|Gene::5997|Gene::672|Gene::6790|Gene::7153|Gene::7272|Gene::85236|Gene::891|Gene::898|Gene::9133|Gene::9232|Gene::9493|Gene::978|Gene::9801|Gene::991,48,174,1004,hetionet_shared_compound_disease_gene_edges,
Compound::DB00361::Disease::DOID:2531,Vinorelbine,Compound::DB00361,breast cancer,Disease::DOID:1612,mapped,Gene::1026|Gene::10381|Gene::11065|Gene::11200|Gene::128|Gene::1565|Gene::1576|Gene::2274|Gene::23094|Gene::2920|Gene::2921|Gene::3033|Gene::306|Gene::3265|Gene::3417|Gene::3628|Gene::3725|Gene::3861|Gene::3909|Gene::396|Gene::5054|Gene::5111|Gene::51203|Gene::51514|Gene::5243|Gene::55379|Gene::6241|Gene::6698|Gene::6713|Gene::6790|Gene::7153|Gene::7298|Gene::847|Gene::9768|Gene::983|Gene::9903,36,223,1004,hetionet_shared_compound_disease_gene_edges,
Compound::DB00859::Disease::DOID:3393,Penicillamine,Compound::DB00859,breast cancer,Disease::DOID:1612,mapped,Gene::10599,1,1,1004,hetionet_shared_compound_disease_gene_edges,
Compound::DB00620::Disease::DOID:9074,Triamcinolone,Compound::DB00620,breast cancer,Disease::DOID:1612,mapped,Gene::1026|Gene::1576|Gene::2064|Gene::2274|Gene::23406|Gene::26227|Gene::2908|Gene::3486|Gene::4088|Gene::4609|Gene::4792|Gene::5054|Gene::5111|Gene::55355|Gene::5743|Gene::590|Gene::5997|Gene::7298|Gene::840|Gene::8878,20,66,1004,hetionet_shared_compound_disease_gene_edges,
Compound::DB00620::Disease::DOID:1319,Triamcinolone,Compound::DB00620,breast cancer,Disease::DOID:1612,mapped,Gene::1026|Gene::1576|Gene::2064|Gene::2274|Gene::23406|Gene::26227|Gene::2908|Gene::3486|Gene::4088|Gene::4609|Gene::4792|Gene::5054|Gene::5111|Gene::55355|Gene::5743|Gene::590|Gene::5997|Gene::7298|Gene::840|Gene::8878,20,66,1004,hetionet_shared_compound_disease_gene_edges,
Compound::DB00620::Disease::DOID:2377,Triamcinolone,Compound::DB00620,breast cancer,Disease::DOID:1612,mapped,Gene::1026|Gene::1576|Gene::2064|Gene::2274|Gene::23406|Gene::26227|Gene::2908|Gene::3486|Gene::4088|Gene::4609|Gene::4792|Gene::5054|Gene::5111|Gene::55355|Gene::5743|Gene::590|Gene::5997|Gene::7298|Gene::840|Gene::8878,20,66,1004,hetionet_shared_compound_disease_gene_edges,
Compound::DB00620::Disease::DOID:7147,Triamcinolone,Compound::DB00620,breast cancer,Disease::DOID:1612,mapped,Gene::1026|Gene::1576|Gene::2064|Gene::2274|Gene::23406|Gene::26227|Gene::2908|Gene::3486|Gene::4088|Gene::4609|Gene::4792|Gene::5054|Gene::5111|Gene::55355|Gene::5743|Gene::590|Gene::5997|Gene::7298|Gene::840|Gene::8878,20,66,1004,hetionet_shared_compound_disease_gene_edges,
Compound::DB00541::Disease::DOID:1192,Vincristine,Compound::DB00541,breast cancer,Disease::DOID:1612,mapped,Gene::1019|Gene::1026|Gene::10381|Gene::11065|Gene::11193|Gene::11200|Gene::128|Gene::154|Gene::1576|Gene::1728|Gene::1848|Gene::2152|Gene::2274|Gene::26227|Gene::29087|Gene::2920|Gene::2921|Gene::3033|Gene::3417|Gene::3628|Gene::3725|Gene::4363|Gene::4792|Gene::4851|Gene::5050|Gene::5054|Gene::5111|Gene::51203|Gene::51514|Gene::5154|Gene::5243|Gene::5329|Gene::55379|Gene::6470|Gene::672|Gene::6790|Gene::7153|Gene::7157|Gene::7298|Gene::80010|Gene::8347|Gene::858|Gene::891|Gene::8914|Gene::9429|Gene::9768|Gene::983|Gene::9837|Gene::9903,49,297,1004,hetionet_shared_compound_disease_gene_edges,
Compound::DB00722::Disease::DOID:418,Lisinopril,Compound::DB00722,breast cancer,Disease::DOID:1612,mapped,Gene::5243,1,5,1004,hetionet_shared_compound_disease_gene_edges,
Compound::DB00224::Disease::DOID:635,Indinavir,Compound::DB00224,breast cancer,Disease::DOID:1612,mapped,Gene::10599|Gene::1565|Gene::1576|Gene::4072|Gene::4282|Gene::4363|Gene::4830|Gene::5243|Gene::533,9,34,1004,hetionet_shared_compound_disease_gene_edges,
Compound::DB00224::Disease::DOID:9970,Indinavir,Compound::DB00224,breast cancer,Disease::DOID:1612,mapped,Gene::10599|Gene::1565|Gene::1576|Gene::4072|Gene::4282|Gene::4363|Gene::4830|Gene::5243|Gene::533,9,34,1004,hetionet_shared_compound_disease_gene_edges,
Compound::DB00709::Disease::DOID:635,Lamivudine,Compound::DB00709,breast cancer,Disease::DOID:1612,mapped,Gene::10318|Gene::4363|Gene::4830|Gene::5243|Gene::9429,5,23,1004,hetionet_shared_compound_disease_gene_edges,
Compound::DB00385::Disease::DOID:8577,Valrubicin,Compound::DB00385,breast cancer,Disease::DOID:1612,mapped,Gene::7153,1,1,1004,hetionet_shared_compound_disease_gene_edges,
Compound::DB00352::Disease::DOID:1826,Tioguanine,Compound::DB00352,breast cancer,Disease::DOID:1612,no_shared_targets,,0,4,1004,hetionet_shared_compound_disease_gene_edges,"Compound and disease were found, but no shared Gene targets matched the configured KG edge types."
Compound::DB00741::Disease::DOID:10283,Hydrocortisone,Compound::DB00741,breast cancer,Disease::DOID:1612,mapped,Gene::1576|Gene::2908|Gene::301|Gene::3486|Gene::4792|Gene::5054|Gene::5243|Gene::5997|Gene::6462|Gene::8878|Gene::9429,11,39,1004,hetionet_shared_compound_disease_gene_edges,
Compound::DB00741::Disease::DOID:8893,Hydrocortisone,Compound::DB00741,breast cancer,Disease::DOID:1612,mapped,Gene::1576|Gene::2908|Gene::301|Gene::3486|Gene::4792|Gene::5054|Gene::5243|Gene::5997|Gene::6462|Gene::8878|Gene::9429,11,39,1004,hetionet_shared_compound_disease_gene_edges,
Compound::DB01275::Disease::DOID:3310,Hydralazine,Compound::DB01275,breast cancer,Disease::DOID:1612,mapped,Gene::1576,1,4,1004,hetionet_shared_compound_disease_gene_edges,
Compound::DB00455::Disease::DOID:7147,Loratadine,Compound::DB00455,breast cancer,Disease::DOID:1612,mapped,Gene::1565|Gene::1576|Gene::3162|Gene::5243,4,12,1004,hetionet_shared_compound_disease_gene_edges,
Compound::DB00455::Disease::DOID:3310,Loratadine,Compound::DB00455,breast cancer,Disease::DOID:1612,mapped,Gene::1565|Gene::1576|Gene::3162|Gene::5243,4,12,1004,hetionet_shared_compound_disease_gene_edges,
Compound::DB01234::Disease::DOID:8577,Dexamethasone,Compound::DB01234,breast cancer,Disease::DOID:1612,mapped,Gene::102|Gene::1026|Gene::10318|Gene::10491|Gene::10628|Gene::1509|Gene::1543|Gene::1545|Gene::1565|Gene::1576|Gene::1586|Gene::1588|Gene::1649|Gene::1746|Gene::1786|Gene::1788|Gene::2098|Gene::2274|Gene::23406|Gene::26064|Gene::26227|Gene::2908|Gene::301|Gene::3084|Gene::3162|Gene::3280|Gene::3486|Gene::3553|Gene::3725|Gene::3909|Gene::4088|Gene::4118|Gene::4306|Gene::4313|Gene::4582|Gene::4609|Gene::4792|Gene::4843|Gene::4931|Gene::5054|Gene::51081|Gene::51466|Gene::5166|Gene::5241|Gene::5243|Gene::5321|Gene::5328|Gene::55323|Gene::5627|Gene::57178|Gene::5743|Gene::5894|Gene::5997|Gene::650|Gene::6774|Gene::687|Gene::6926|Gene::7020|Gene::7042|Gene::7048|Gene::7422|Gene::81031|Gene::8660|Gene::8835|Gene::8863|Gene::8871|Gene::8878|Gene::90|Gene::9429,69,391,1004,hetionet_shared_compound_disease_gene_edges,
Compound::DB01234::Disease::DOID:11054,Dexamethasone,Compound::DB01234,breast cancer,Disease::DOID:1612,mapped,Gene::102|Gene::1026|Gene::10318|Gene::10491|Gene::10628|Gene::1509|Gene::1543|Gene::1545|Gene::1565|Gene::1576|Gene::1586|Gene::1588|Gene::1649|Gene::1746|Gene::1786|Gene::1788|Gene::2098|Gene::2274|Gene::23406|Gene::26064|Gene::26227|Gene::2908|Gene::301|Gene::3084|Gene::3162|Gene::3280|Gene::3486|Gene::3553|Gene::3725|Gene::3909|Gene::4088|Gene::4118|Gene::4306|Gene::4313|Gene::4582|Gene::4609|Gene::4792|Gene::4843|Gene::4931|Gene::5054|Gene::51081|Gene::51466|Gene::5166|Gene::5241|Gene::5243|Gene::5321|Gene::5328|Gene::55323|Gene::5627|Gene::57178|Gene::5743|Gene::5894|Gene::5997|Gene::650|Gene::6774|Gene::687|Gene::6926|Gene::7020|Gene::7042|Gene::7048|Gene::7422|Gene::81031|Gene::8660|Gene::8835|Gene::8863|Gene::8871|Gene::8878|Gene::90|Gene::9429,69,391,1004,hetionet_shared_compound_disease_gene_edges,
Compound::DB01234::Disease::DOID:4045,Dexamethasone,Compound::DB01234,breast cancer,Disease::DOID:1612,mapped,Gene::102|Gene::1026|Gene::10318|Gene::10491|Gene::10628|Gene::1509|Gene::1543|Gene::1545|Gene::1565|Gene::1576|Gene::1586|Gene::1588|Gene::1649|Gene::1746|Gene::1786|Gene::1788|Gene::2098|Gene::2274|Gene::23406|Gene::26064|Gene::26227|Gene::2908|Gene::301|Gene::3084|Gene::3162|Gene::3280|Gene::3486|Gene::3553|Gene::3725|Gene::3909|Gene::4088|Gene::4118|Gene::4306|Gene::4313|Gene::4582|Gene::4609|Gene::4792|Gene::4843|Gene::4931|Gene::5054|Gene::51081|Gene::51466|Gene::5166|Gene::5241|Gene::5243|Gene::5321|Gene::5328|Gene::55323|Gene::5627|Gene::57178|Gene::5743|Gene::5894|Gene::5997|Gene::650|Gene::6774|Gene::687|Gene::6926|Gene::7020|Gene::7042|Gene::7048|Gene::7422|Gene::81031|Gene::8660|Gene::8835|Gene::8863|Gene::8871|Gene::8878|Gene::90|Gene::9429,69,391,1004,hetionet_shared_compound_disease_gene_edges,
Compound::DB00563::Disease::DOID:11934,Methotrexate,Compound::DB00563,breast cancer,Disease::DOID:1612,mapped,Gene::10051|Gene::1026|Gene::10318|Gene::1033|Gene::1058|Gene::10599|Gene::1063|Gene::11004|Gene::11065|Gene::213|Gene::22948|Gene::22974|Gene::23406|Gene::25875|Gene::259266|Gene::316|Gene::3161|Gene::332|Gene::3553|Gene::4288|Gene::4312|Gene::4363|Gene::4524|Gene::4751|Gene::4792|Gene::5243|Gene::55355|Gene::55379|Gene::56898|Gene::5743|Gene::5997|Gene::672|Gene::6790|Gene::7153|Gene::7298|Gene::85236|Gene::891|Gene::8914|Gene::9055|Gene::9133|Gene::9232|Gene::9429|Gene::9493|Gene::9793|Gene::983|Gene::991,46,175,1004,hetionet_shared_compound_disease_gene_edges,
Compound::DB00563::Disease::DOID:219,Methotrexate,Compound::DB00563,breast cancer,Disease::DOID:1612,mapped,Gene::10051|Gene::1026|Gene::10318|Gene::1033|Gene::1058|Gene::10599|Gene::1063|Gene::11004|Gene::11065|Gene::213|Gene::22948|Gene::22974|Gene::23406|Gene::25875|Gene::259266|Gene::316|Gene::3161|Gene::332|Gene::3553|Gene::4288|Gene::4312|Gene::4363|Gene::4524|Gene::4751|Gene::4792|Gene::5243|Gene::55355|Gene::55379|Gene::56898|Gene::5743|Gene::5997|Gene::672|Gene::6790|Gene::7153|Gene::7298|Gene::85236|Gene::891|Gene::8914|Gene::9055|Gene::9133|Gene::9232|Gene::9429|Gene::9493|Gene::9793|Gene::983|Gene::991,46,175,1004,hetionet_shared_compound_disease_gene_edges,
Compound::DB00563::Disease::DOID:1324,Methotrexate,Compound::DB00563,breast cancer,Disease::DOID:1612,mapped,Gene::10051|Gene::1026|Gene::10318|Gene::1033|Gene::1058|Gene::10599|Gene::1063|Gene::11004|Gene::11065|Gene::213|Gene::22948|Gene::22974|Gene::23406|Gene::25875|Gene::259266|Gene::316|Gene::3161|Gene::332|Gene::3553|Gene::4288|Gene::4312|Gene::4363|Gene::4524|Gene::4751|Gene::4792|Gene::5243|Gene::55355|Gene::55379|Gene::56898|Gene::5743|Gene::5997|Gene::672|Gene::6790|Gene::7153|Gene::7298|Gene::85236|Gene::891|Gene::8914|Gene::9055|Gene::9133|Gene::9232|Gene::9429|Gene::9493|Gene::9793|Gene::983|Gene::991,46,175,1004,hetionet_shared_compound_disease_gene_edges,
Compound::DB00563::Disease::DOID:8577,Methotrexate,Compound::DB00563,breast cancer,Disease::DOID:1612,mapped,Gene::10051|Gene::1026|Gene::10318|Gene::1033|Gene::1058|Gene::10599|Gene::1063|Gene::11004|Gene::11065|Gene::213|Gene::22948|Gene::22974|Gene::23406|Gene::25875|Gene::259266|Gene::316|Gene::3161|Gene::332|Gene::3553|Gene::4288|Gene::4312|Gene::4363|Gene::4524|Gene::4751|Gene::4792|Gene::5243|Gene::55355|Gene::55379|Gene::56898|Gene::5743|Gene::5997|Gene::672|Gene::6790|Gene::7153|Gene::7298|Gene::85236|Gene::891|Gene::8914|Gene::9055|Gene::9133|Gene::9232|Gene::9429|Gene::9493|Gene::9793|Gene::983|Gene::991,46,175,1004,hetionet_shared_compound_disease_gene_edges,
Compound::DB00995::Disease::DOID:7148,Auranofin,Compound::DB00995,breast cancer,Disease::DOID:1612,mapped,Gene::1509|Gene::154|Gene::1958|Gene::213|Gene::22948|Gene::2582|Gene::2690|Gene::2770|Gene::2852|Gene::4118|Gene::4792|Gene::4931|Gene::5058|Gene::5111|Gene::5743|Gene::958|Gene::991,17,63,1004,hetionet_shared_compound_disease_gene_edges,
Compound::DB00816::Disease::DOID:1793,Orciprenaline,Compound::DB00816,breast cancer,Disease::DOID:1612,mapped,Gene::154|Gene::9903,2,10,1004,hetionet_shared_compound_disease_gene_edges,
Compound::DB00594::Disease::DOID:10763,Amiloride,Compound::DB00594,breast cancer,Disease::DOID:1612,mapped,Gene::5328,1,12,1004,hetionet_shared_compound_disease_gene_edges,
Compound::DB00982::Disease::DOID:1324,Isotretinoin,Compound::DB00982,breast cancer,Disease::DOID:1612,mapped,Gene::11200|Gene::128|Gene::1301|Gene::1808|Gene::207|Gene::2625|Gene::3162|Gene::3280|Gene::3486|Gene::3553|Gene::3909|Gene::4088|Gene::4118|Gene::4609|Gene::5050|Gene::51466|Gene::5154|Gene::5300|Gene::5721|Gene::5915|Gene::596|Gene::5997|Gene::6257|Gene::6275|Gene::672|Gene::6804|Gene::7298|Gene::8202|Gene::8204|Gene::840|Gene::84159|Gene::85236|Gene::8878|Gene::891,34,191,1004,hetionet_shared_compound_disease_gene_edges,
Compound::DB00806::Disease::DOID:1324,Pentoxifylline,Compound::DB00806,breast cancer,Disease::DOID:1612,no_shared_targets,,0,16,1004,hetionet_shared_compound_disease_gene_edges,"Compound and disease were found, but no shared Gene targets matched the configured KG edge types."
Compound::DB00762::Disease::DOID:1612,Irinotecan,Compound::DB00762,breast cancer,Disease::DOID:1612,mapped,Gene::10051|Gene::102|Gene::1026|Gene::1033|Gene::10403|Gene::1058|Gene::10599|Gene::1063|Gene::11004|Gene::11065|Gene::11113|Gene::11230|Gene::154|Gene::1576|Gene::1649|Gene::1894|Gene::1958|Gene::213|Gene::2194|Gene::2274|Gene::22974|Gene::2305|Gene::23331|Gene::23406|Gene::259266|Gene::26064|Gene::2770|Gene::29127|Gene::2920|Gene::3161|Gene::332|Gene::3480|Gene::3628|Gene::3833|Gene::3909|Gene::4193|Gene::4288|Gene::43|Gene::4363|Gene::4609|Gene::4751|Gene::4792|Gene::4851|Gene::51203|Gene::51514|Gene::5154|Gene::5243|Gene::5291|Gene::55165|Gene::55355|Gene::55732|Gene::55872|Gene::56997|Gene::57178|Gene::5743|Gene::581|Gene::590|Gene::5925|Gene::596|Gene::5997|Gene::64151|Gene::6790|Gene::7153|Gene::7272|Gene::7286|Gene::79894|Gene::813|Gene::8202|Gene::8204|Gene::8345|Gene::836|Gene::83990|Gene::8493|Gene::85236|Gene::891|Gene::898|Gene::9055|Gene::9133|Gene::9232|Gene::9276|Gene::9429|Gene::9493|Gene::9668|Gene::9793|Gene::9801|Gene::983|Gene::9833|Gene::9903|Gene::991,89,488,1004,hetionet_shared_compound_disease_gene_edges,
Compound::DB00993::Disease::DOID:4481,Azathioprine,Compound::DB00993,breast cancer,Disease::DOID:1612,mapped,Gene::1301|Gene::2938|Gene::2939|Gene::2944,4,28,1004,hetionet_shared_compound_disease_gene_edges,
Compound::DB00993::Disease::DOID:1686,Azathioprine,Compound::DB00993,breast cancer,Disease::DOID:1612,mapped,Gene::1301|Gene::2938|Gene::2939|Gene::2944,4,28,1004,hetionet_shared_compound_disease_gene_edges,
Compound::DB00424::Disease::DOID:4989,Hyoscyamine,Compound::DB00424,breast cancer,Disease::DOID:1612,no_shared_targets,,0,6,1004,hetionet_shared_compound_disease_gene_edges,"Compound and disease were found, but no shared Gene targets matched the configured KG edge types."
Compound::DB00694::Disease::DOID:2841,Daunorubicin,Compound::DB00694,breast cancer,Disease::DOID:1612,mapped,Gene::10051|Gene::1027|Gene::1033|Gene::1058|Gene::11065|Gene::124583|Gene::1301|Gene::1509|Gene::1543|Gene::1545|Gene::1576|Gene::1788|Gene::1950|Gene::2146|Gene::2263|Gene::2274|Gene::22974|Gene::230|Gene::23705|Gene::25|Gene::2736|Gene::2770|Gene::2852|Gene::3033|Gene::3162|Gene::3486|Gene::3553|Gene::3855|Gene::4072|Gene::4312|Gene::4313|Gene::4363|Gene::4609|Gene::4792|Gene::4846|Gene::501|Gene::5058|Gene::5111|Gene::51599|Gene::5243|Gene::5290|Gene::55355|Gene::5538|Gene::5627|Gene::5925|Gene::5997|Gene::60485|Gene::6790|Gene::7015|Gene::7020|Gene::7153|Gene::7372|Gene::7852|Gene::8204|Gene::847|Gene::858|Gene::8835|Gene::9133|Gene::9429|Gene::9833|Gene::9877|Gene::991|Gene::9968|Gene::999,64,518,1004,hetionet_shared_compound_disease_gene_edges,
Compound::DB01014::Disease::DOID:2841,Balsalazide,Compound::DB01014,breast cancer,Disease::DOID:1612,mapped,Gene::23406|Gene::26227|Gene::3486|Gene::4282|Gene::4609|Gene::5058|Gene::5111|Gene::5742|Gene::5743|Gene::9133|Gene::9801|Gene::991,12,35,1004,hetionet_shared_compound_disease_gene_edges,
Compound::DB01014::Disease::DOID:8577,Balsalazide,Compound::DB01014,breast cancer,Disease::DOID:1612,mapped,Gene::23406|Gene::26227|Gene::3486|Gene::4282|Gene::4609|Gene::5058|Gene::5111|Gene::5742|Gene::5743|Gene::9133|Gene::9801|Gene::991,12,35,1004,hetionet_shared_compound_disease_gene_edges,
Compound::DB00443::Disease::DOID:9074,Betamethasone,Compound::DB00443,breast cancer,Disease::DOID:1612,mapped,Gene::102|Gene::1026|Gene::10318|Gene::10491|Gene::10628|Gene::1509|Gene::1576|Gene::1588|Gene::1649|Gene::1746|Gene::1786|Gene::1788|Gene::2098|Gene::2274|Gene::23406|Gene::26064|Gene::26227|Gene::2908|Gene::3084|Gene::3162|Gene::3280|Gene::3486|Gene::3553|Gene::3725|Gene::3909|Gene::4088|Gene::4118|Gene::4306|Gene::4313|Gene::4582|Gene::4609|Gene::4792|Gene::4931|Gene::5054|Gene::51081|Gene::51466|Gene::5166|Gene::5241|Gene::5243|Gene::5321|Gene::5328|Gene::55323|Gene::5627|Gene::57178|Gene::5743|Gene::5894|Gene::5997|Gene::650|Gene::6774|Gene::687|Gene::6926|Gene::7020|Gene::7042|Gene::7048|Gene::7422|Gene::81031|Gene::8660|Gene::8835|Gene::8863|Gene::8871|Gene::8878|Gene::90,62,368,1004,hetionet_shared_compound_disease_gene_edges,
Compound::DB01248::Disease::DOID:2394,Docetaxel,Compound::DB01248,breast cancer,Disease::DOID:1612,mapped,Gene::1019|Gene::1026|Gene::10381|Gene::11065|Gene::11200|Gene::1545|Gene::1576|Gene::1956|Gene::2920|Gene::3033|Gene::4363|Gene::5111|Gene::51514|Gene::5243|Gene::596|Gene::6790|Gene::7153|Gene::7298|Gene::8357|Gene::85236|Gene::891|Gene::9429|Gene::983,23,80,1004,hetionet_shared_compound_disease_gene_edges,
Compound::DB01248::Disease::DOID:263,Docetaxel,Compound::DB01248,breast cancer,Disease::DOID:1612,mapped,Gene::1019|Gene::1026|Gene::10381|Gene::11065|Gene::11200|Gene::1545|Gene::1576|Gene::1956|Gene::2920|Gene::3033|Gene::4363|Gene::5111|Gene::51514|Gene::5243|Gene::596|Gene::6790|Gene::7153|Gene::7298|Gene::8357|Gene::85236|Gene::891|Gene::9429|Gene::983,23,80,1004,hetionet_shared_compound_disease_gene_edges,
Compound::DB00764::Disease::DOID:3310,Mometasone,Compound::DB00764,breast cancer,Disease::DOID:1612,mapped,Gene::2908,1,2,1004,hetionet_shared_compound_disease_gene_edges,
Compound::DB00764::Disease::DOID:9074,Mometasone,Compound::DB00764,breast cancer,Disease::DOID:1612,mapped,Gene::2908,1,2,1004,hetionet_shared_compound_disease_gene_edges,
Compound::DB00900::Disease::DOID:635,Didanosine,Compound::DB00900,breast cancer,Disease::DOID:1612,mapped,Gene::4851|Gene::5058,2,13,1004,hetionet_shared_compound_disease_gene_edges,
Compound::DB00678::Disease::DOID:9352,Losartan,Compound::DB00678,breast cancer,Disease::DOID:1612,mapped,Gene::10599|Gene::154|Gene::1576|Gene::185|Gene::213|Gene::4118|Gene::5243,7,27,1004,hetionet_shared_compound_disease_gene_edges,
Compound::DB00678::Disease::DOID:10763,Losartan,Compound::DB00678,breast cancer,Disease::DOID:1612,mapped,Gene::10599|Gene::154|Gene::1576|Gene::185|Gene::213|Gene::4118|Gene::5243,7,27,1004,hetionet_shared_compound_disease_gene_edges,
Compound::DB00688::Disease::DOID:4045,Mycophenolate mofetil,Compound::DB00688,breast cancer,Disease::DOID:1612,mapped,Gene::10051|Gene::1026|Gene::1058|Gene::10599|Gene::1063|Gene::11004|Gene::11065|Gene::11230|Gene::124583|Gene::1576|Gene::213|Gene::2194|Gene::230|Gene::2305|Gene::2582|Gene::259266|Gene::2852|Gene::3033|Gene::332|Gene::3628|Gene::3945|Gene::4288|Gene::4609|Gene::5243|Gene::55355|Gene::55974|Gene::5743|Gene::5831|Gene::5889|Gene::6790|Gene::85236|Gene::891|Gene::9133|Gene::9429|Gene::991,35,155,1004,hetionet_shared_compound_disease_gene_edges,
Compound::DB01005::Disease::DOID:8893,Hydroxyurea,Compound::DB01005,breast cancer,Disease::DOID:1612,mapped,Gene::1565|Gene::6241,2,3,1004,hetionet_shared_compound_disease_gene_edges,
Compound::DB00275::Disease::DOID:10763,Olmesartan,Compound::DB00275,breast cancer,Disease::DOID:1612,mapped,Gene::10599|Gene::185,2,4,1004,hetionet_shared_compound_disease_gene_edges,
Compound::DB01048::Disease::DOID:635,Abacavir,Compound::DB01048,breast cancer,Disease::DOID:1612,no_shared_targets,,0,3,1004,hetionet_shared_compound_disease_gene_edges,"Compound and disease were found, but no shared Gene targets matched the configured KG edge types."
Compound::DB00959::Disease::DOID:8577,Methylprednisolone,Compound::DB00959,breast cancer,Disease::DOID:1612,mapped,Gene::1576|Gene::2908|Gene::3553|Gene::4792|Gene::5243,5,19,1004,hetionet_shared_compound_disease_gene_edges,
Compound::DB00959::Disease::DOID:10534,Methylprednisolone,Compound::DB00959,breast cancer,Disease::DOID:1612,mapped,Gene::1576|Gene::2908|Gene::3553|Gene::4792|Gene::5243,5,19,1004,hetionet_shared_compound_disease_gene_edges,
Compound::DB00959::Disease::DOID:1909,Methylprednisolone,Compound::DB00959,breast cancer,Disease::DOID:1612,mapped,Gene::1576|Gene::2908|Gene::3553|Gene::4792|Gene::5243,5,19,1004,hetionet_shared_compound_disease_gene_edges,
Compound::DB00250::Disease::DOID:10763,Dapsone,Compound::DB00250,breast cancer,Disease::DOID:1612,mapped,Gene::10|Gene::1576|Gene::5742|Gene::5743|Gene::6714,5,17,1004,hetionet_shared_compound_disease_gene_edges,
Compound::DB00250::Disease::DOID:9074,Dapsone,Compound::DB00250,breast cancer,Disease::DOID:1612,mapped,Gene::10|Gene::1576|Gene::5742|Gene::5743|Gene::6714,5,17,1004,hetionet_shared_compound_disease_gene_edges,
Compound::DB01101::Disease::DOID:1909,Capecitabine,Compound::DB01101,breast cancer,Disease::DOID:1612,mapped,Gene::1806|Gene::7298|Gene::978,3,7,1004,hetionet_shared_compound_disease_gene_edges,
Compound::DB01101::Disease::DOID:363,Capecitabine,Compound::DB01101,breast cancer,Disease::DOID:1612,mapped,Gene::1806|Gene::7298|Gene::978,3,7,1004,hetionet_shared_compound_disease_gene_edges,
Compound::DB01101::Disease::DOID:1612,Capecitabine,Compound::DB01101,breast cancer,Disease::DOID:1612,mapped,Gene::1806|Gene::7298|Gene::978,3,7,1004,hetionet_shared_compound_disease_gene_edges,
Compound::DB01101::Disease::DOID:10534,Capecitabine,Compound::DB01101,breast cancer,Disease::DOID:1612,mapped,Gene::1806|Gene::7298|Gene::978,3,7,1004,hetionet_shared_compound_disease_gene_edges,
Compound::DB01077::Disease::DOID:4159,Etidronic acid,Compound::DB01077,breast cancer,Disease::DOID:1612,no_shared_targets,,0,19,1004,hetionet_shared_compound_disease_gene_edges,"Compound and disease were found, but no shared Gene targets matched the configured KG edge types."
Compound::DB08871::Disease::DOID:2394,Eribulin,Compound::DB08871,breast cancer,Disease::DOID:1612,mapped,Gene::10381,1,9,1004,hetionet_shared_compound_disease_gene_edges,
Compound::DB01204::Disease::DOID:2394,Mitoxantrone,Compound::DB01204,breast cancer,Disease::DOID:1612,mapped,Gene::10051|Gene::1026|Gene::1027|Gene::1058|Gene::10628|Gene::11004|Gene::11065|Gene::124583|Gene::1301|Gene::1459|Gene::1509|Gene::1545|Gene::1576|Gene::1788|Gene::1789|Gene::1950|Gene::2064|Gene::2091|Gene::2146|Gene::216|Gene::2263|Gene::2274|Gene::22974|Gene::230|Gene::23705|Gene::25|Gene::259266|Gene::2736|Gene::3006|Gene::3032|Gene::3162|Gene::3320|Gene::3480|Gene::3553|Gene::3815|Gene::4193|Gene::4288|Gene::4312|Gene::4313|Gene::4363|Gene::4609|Gene::4792|Gene::4851|Gene::501|Gene::5058|Gene::5111|Gene::51155|Gene::51599|Gene::5243|Gene::5290|Gene::5292|Gene::533|Gene::55355|Gene::55851|Gene::5721|Gene::5894|Gene::590|Gene::641|Gene::64151|Gene::64755|Gene::672|Gene::6790|Gene::7015|Gene::7020|Gene::7102|Gene::7153|Gene::7272|Gene::7372|Gene::7852|Gene::8204|Gene::847|Gene::85236|Gene::8835|Gene::9133|Gene::9429|Gene::9493|Gene::9833|Gene::991|Gene::9968,79,510,1004,hetionet_shared_compound_disease_gene_edges,
Compound::DB00442::Disease::DOID:2043,Entecavir,Compound::DB00442,breast cancer,Disease::DOID:1612,no_shared_targets,,0,2,1004,hetionet_shared_compound_disease_gene_edges,"Compound and disease were found, but no shared Gene targets matched the configured KG edge types."
Compound::DB00175::Disease::DOID:9352,Pravastatin,Compound::DB00175,breast cancer,Disease::DOID:1612,mapped,Gene::10599|Gene::1565|Gene::1576|Gene::5243|Gene::9429,5,24,1004,hetionet_shared_compound_disease_gene_edges,
Compound::DB01200::Disease::DOID:9352,Bromocriptine,Compound::DB01200,breast cancer,Disease::DOID:1612,mapped,Gene::1576|Gene::26227|Gene::3162|Gene::5058|Gene::5111|Gene::5243,6,47,1004,hetionet_shared_compound_disease_gene_edges,
Compound::DB00864::Disease::DOID:2043,Tacrolimus,Compound::DB00864,breast cancer,Disease::DOID:1612,mapped,Gene::10051|Gene::11065|Gene::1576|Gene::213|Gene::2475|Gene::5243|Gene::991,7,31,1004,hetionet_shared_compound_disease_gene_edges,
Compound::DB00091::Disease::DOID:9074,Cyclosporine,Compound::DB00091,breast cancer,Disease::DOID:1612,mapped,Gene::10051|Gene::1017|Gene::1026|Gene::10403|Gene::1058|Gene::10599|Gene::1063|Gene::11004|Gene::11065|Gene::11230|Gene::128|Gene::1301|Gene::1509|Gene::1565|Gene::1576|Gene::1649|Gene::1786|Gene::2058|Gene::207|Gene::2146|Gene::2274|Gene::22820|Gene::22974|Gene::2305|Gene::23234|Gene::23753|Gene::259266|Gene::26003|Gene::2617|Gene::26227|Gene::29028|Gene::29127|Gene::2920|Gene::2923|Gene::3161|Gene::3162|Gene::332|Gene::3628|Gene::3833|Gene::3925|Gene::4001|Gene::4085|Gene::4173|Gene::4288|Gene::4361|Gene::4363|Gene::4605|Gene::4609|Gene::468|Gene::4751|Gene::5050|Gene::51081|Gene::5111|Gene::51203|Gene::51514|Gene::51659|Gene::5243|Gene::5300|Gene::54187|Gene::55165|Gene::55323|Gene::55355|Gene::55872|Gene::5627|Gene::5831|Gene::5888|Gene::5997|Gene::6241|Gene::64151|Gene::64755|Gene::64764|Gene::6509|Gene::65993|Gene::672|Gene::6790|Gene::6897|Gene::7083|Gene::7112|Gene::7153|Gene::7157|Gene::7264|Gene::7272|Gene::7298|Gene::7372|Gene::79622|Gene::81031|Gene::813|Gene::8317|Gene::8878|Gene::891|Gene::8914|Gene::9055|Gene::9133|Gene::9276|Gene::9319|Gene::9401|Gene::9429|Gene::9493|Gene::9601|Gene::9768|Gene::9801|Gene::983|Gene::9833|Gene::9837|Gene::991,105,512,1004,hetionet_shared_compound_disease_gene_edges,
Compound::DB00091::Disease::DOID:4045,Cyclosporine,Compound::DB00091,breast cancer,Disease::DOID:1612,mapped,Gene::10051|Gene::1017|Gene::1026|Gene::10403|Gene::1058|Gene::10599|Gene::1063|Gene::11004|Gene::11065|Gene::11230|Gene::128|Gene::1301|Gene::1509|Gene::1565|Gene::1576|Gene::1649|Gene::1786|Gene::2058|Gene::207|Gene::2146|Gene::2274|Gene::22820|Gene::22974|Gene::2305|Gene::23234|Gene::23753|Gene::259266|Gene::26003|Gene::2617|Gene::26227|Gene::29028|Gene::29127|Gene::2920|Gene::2923|Gene::3161|Gene::3162|Gene::332|Gene::3628|Gene::3833|Gene::3925|Gene::4001|Gene::4085|Gene::4173|Gene::4288|Gene::4361|Gene::4363|Gene::4605|Gene::4609|Gene::468|Gene::4751|Gene::5050|Gene::51081|Gene::5111|Gene::51203|Gene::51514|Gene::51659|Gene::5243|Gene::5300|Gene::54187|Gene::55165|Gene::55323|Gene::55355|Gene::55872|Gene::5627|Gene::5831|Gene::5888|Gene::5997|Gene::6241|Gene::64151|Gene::64755|Gene::64764|Gene::6509|Gene::65993|Gene::672|Gene::6790|Gene::6897|Gene::7083|Gene::7112|Gene::7153|Gene::7157|Gene::7264|Gene::7272|Gene::7298|Gene::7372|Gene::79622|Gene::81031|Gene::813|Gene::8317|Gene::8878|Gene::891|Gene::8914|Gene::9055|Gene::9133|Gene::9276|Gene::9319|Gene::9401|Gene::9429|Gene::9493|Gene::9601|Gene::9768|Gene::9801|Gene::983|Gene::9833|Gene::9837|Gene::991,105,512,1004,hetionet_shared_compound_disease_gene_edges,
Compound::DB00851::Disease::DOID:1612,Dacarbazine,Compound::DB00851,breast cancer,Disease::DOID:1612,mapped,Gene::1543|Gene::23705,2,10,1004,hetionet_shared_compound_disease_gene_edges,
Compound::DB00851::Disease::DOID:2841,Dacarbazine,Compound::DB00851,breast cancer,Disease::DOID:1612,mapped,Gene::1543|Gene::23705,2,10,1004,hetionet_shared_compound_disease_gene_edges,
Compound::DB00625::Disease::DOID:635,Efavirenz,Compound::DB00625,breast cancer,Disease::DOID:1612,mapped,Gene::1565|Gene::1576,2,13,1004,hetionet_shared_compound_disease_gene_edges,
Compound::DB01098::Disease::DOID:9352,Rosuvastatin,Compound::DB01098,breast cancer,Disease::DOID:1612,mapped,Gene::10599|Gene::1576|Gene::1950|Gene::213|Gene::2274|Gene::3486|Gene::4363|Gene::4609|Gene::4792|Gene::5054|Gene::5111|Gene::595|Gene::6804|Gene::9429|Gene::991,15,49,1004,hetionet_shared_compound_disease_gene_edges,
Compound::DB01098::Disease::DOID:3393,Rosuvastatin,Compound::DB01098,breast cancer,Disease::DOID:1612,mapped,Gene::10599|Gene::1576|Gene::1950|Gene::213|Gene::2274|Gene::3486|Gene::4363|Gene::4609|Gene::4792|Gene::5054|Gene::5111|Gene::595|Gene::6804|Gene::9429|Gene::991,15,49,1004,hetionet_shared_compound_disease_gene_edges,
Compound::DB00775::Disease::DOID:11476,Tirofiban,Compound::DB00775,breast cancer,Disease::DOID:1612,no_shared_targets,,0,2,1004,hetionet_shared_compound_disease_gene_edges,"Compound and disease were found, but no shared Gene targets matched the configured KG edge types."
Compound::DB00322::Disease::DOID:10534,Floxuridine,Compound::DB00322,breast cancer,Disease::DOID:1612,mapped,Gene::10051|Gene::1026|Gene::1033|Gene::1058|Gene::1063|Gene::11004|Gene::11065|Gene::2146|Gene::259266|Gene::3161|Gene::3162|Gene::332|Gene::3628|Gene::4605|Gene::4609|Gene::4751|Gene::4792|Gene::4851|Gene::55355|Gene::5743|Gene::6790|Gene::7153|Gene::7272|Gene::7298|Gene::85236|Gene::891|Gene::9133|Gene::991,28,72,1004,hetionet_shared_compound_disease_gene_edges,
Compound::DB00242::Disease::DOID:2531,Cladribine,Compound::DB00242,breast cancer,Disease::DOID:1612,mapped,Gene::1026|Gene::1058|Gene::1063|Gene::11004|Gene::11065|Gene::1958|Gene::2274|Gene::22974|Gene::2354|Gene::259266|Gene::2920|Gene::3161|Gene::332|Gene::3628|Gene::4605|Gene::4609|Gene::4751|Gene::4851|Gene::5743|Gene::5997|Gene::6241|Gene::672|Gene::6790|Gene::7153|Gene::7272|Gene::85236|Gene::891|Gene::9133|Gene::9429|Gene::9801|Gene::991,31,116,1004,hetionet_shared_compound_disease_gene_edges,
Compound::DB00242::Disease::DOID:12365,Cladribine,Compound::DB00242,breast cancer,Disease::DOID:1612,mapped,Gene::1026|Gene::1058|Gene::1063|Gene::11004|Gene::11065|Gene::1958|Gene::2274|Gene::22974|Gene::2354|Gene::259266|Gene::2920|Gene::3161|Gene::332|Gene::3628|Gene::4605|Gene::4609|Gene::4751|Gene::4851|Gene::5743|Gene::5997|Gene::6241|Gene::672|Gene::6790|Gene::7153|Gene::7272|Gene::85236|Gene::891|Gene::9133|Gene::9429|Gene::9801|Gene::991,31,116,1004,hetionet_shared_compound_disease_gene_edges,
Compound::DB00642::Disease::DOID:2377,Pemetrexed,Compound::DB00642,breast cancer,Disease::DOID:1612,mapped,Gene::7298,1,7,1004,hetionet_shared_compound_disease_gene_edges,
Compound::DB00635::Disease::DOID:9074,Prednisone,Compound::DB00635,breast cancer,Disease::DOID:1612,mapped,Gene::1576|Gene::213|Gene::2908|Gene::5243,4,14,1004,hetionet_shared_compound_disease_gene_edges,
Compound::DB00635::Disease::DOID:12930,Prednisone,Compound::DB00635,breast cancer,Disease::DOID:1612,mapped,Gene::1576|Gene::213|Gene::2908|Gene::5243,4,14,1004,hetionet_shared_compound_disease_gene_edges,
Compound::DB00635::Disease::DOID:8577,Prednisone,Compound::DB00635,breast cancer,Disease::DOID:1612,mapped,Gene::1576|Gene::213|Gene::2908|Gene::5243,4,14,1004,hetionet_shared_compound_disease_gene_edges,
Compound::DB00519::Disease::DOID:3393,Trandolapril,Compound::DB00519,breast cancer,Disease::DOID:1612,no_shared_targets,,0,4,1004,hetionet_shared_compound_disease_gene_edges,"Compound and disease were found, but no shared Gene targets matched the configured KG edge types."
Compound::DB00411::Disease::DOID:1686,Carbachol,Compound::DB00411,breast cancer,Disease::DOID:1612,mapped,Gene::4830|Gene::5321|Gene::7298,3,16,1004,hetionet_shared_compound_disease_gene_edges,
Compound::DB00973::Disease::DOID:1936,Ezetimibe,Compound::DB00973,breast cancer,Disease::DOID:1612,mapped,Gene::10599|Gene::1576|Gene::26227|Gene::4792|Gene::5243|Gene::6509|Gene::9429,7,27,1004,hetionet_shared_compound_disease_gene_edges,
Compound::DB00973::Disease::DOID:3393,Ezetimibe,Compound::DB00973,breast cancer,Disease::DOID:1612,mapped,Gene::10599|Gene::1576|Gene::26227|Gene::4792|Gene::5243|Gene::6509|Gene::9429,7,27,1004,hetionet_shared_compound_disease_gene_edges,
Compound::DB00888::Disease::DOID:4045,Mechlorethamine,Compound::DB00888,breast cancer,Disease::DOID:1612,no_shared_targets,,0,0,1004,hetionet_shared_compound_disease_gene_edges,"Compound and disease were found, but no shared Gene targets matched the configured KG edge types."
Compound::DB00888::Disease::DOID:4481,Mechlorethamine,Compound::DB00888,breast cancer,Disease::DOID:1612,no_shared_targets,,0,0,1004,hetionet_shared_compound_disease_gene_edges,"Compound and disease were found, but no shared Gene targets matched the configured KG edge types."
Compound::DB00888::Disease::DOID:2531,Mechlorethamine,Compound::DB00888,breast cancer,Disease::DOID:1612,no_shared_targets,,0,0,1004,hetionet_shared_compound_disease_gene_edges,"Compound and disease were found, but no shared Gene targets matched the configured KG edge types."
Compound::DB00178::Disease::DOID:9352,Ramipril,Compound::DB00178,breast cancer,Disease::DOID:1612,mapped,Gene::590,1,4,1004,hetionet_shared_compound_disease_gene_edges,
Compound::DB00178::Disease::DOID:2998,Ramipril,Compound::DB00178,breast cancer,Disease::DOID:1612,mapped,Gene::590,1,4,1004,hetionet_shared_compound_disease_gene_edges,
Compound::DB00178::Disease::DOID:3393,Ramipril,Compound::DB00178,breast cancer,Disease::DOID:1612,mapped,Gene::590,1,4,1004,hetionet_shared_compound_disease_gene_edges,
Compound::DB00178::Disease::DOID:10763,Ramipril,Compound::DB00178,breast cancer,Disease::DOID:1612,mapped,Gene::590,1,4,1004,hetionet_shared_compound_disease_gene_edges,
Compound::DB00441::Disease::DOID:2377,Gemcitabine,Compound::DB00441,breast cancer,Disease::DOID:1612,mapped,Gene::10051|Gene::1017|Gene::1026|Gene::1027|Gene::1033|Gene::10403|Gene::1058|Gene::1063|Gene::11004|Gene::11065|Gene::11113|Gene::1164|Gene::124583|Gene::1786|Gene::1958|Gene::2063|Gene::2274|Gene::22974|Gene::2305|Gene::23406|Gene::2354|Gene::23705|Gene::249|Gene::2582|Gene::259266|Gene::2852|Gene::2920|Gene::3149|Gene::3161|Gene::3190|Gene::3280|Gene::332|Gene::3320|Gene::3628|Gene::3725|Gene::3815|Gene::3833|Gene::3852|Gene::3861|Gene::3909|Gene::3980|Gene::4118|Gene::4193|Gene::4282|Gene::4288|Gene::4605|Gene::4609|Gene::4751|Gene::4792|Gene::4851|Gene::5054|Gene::5111|Gene::51203|Gene::51466|Gene::51514|Gene::51599|Gene::5243|Gene::5268|Gene::533|Gene::55165|Gene::55355|Gene::55872|Gene::56940|Gene::5743|Gene::581|Gene::5831|Gene::5997|Gene::6236|Gene::6241|Gene::64151|Gene::6698|Gene::6714|Gene::6790|Gene::708|Gene::7153|Gene::7272|Gene::7286|Gene::7298|Gene::79682|Gene::813|Gene::8202|Gene::8345|Gene::8347|Gene::841|Gene::84159|Gene::85236|Gene::8743|Gene::8850|Gene::891|Gene::8914|Gene::898|Gene::9133|Gene::9154|Gene::9232|Gene::9493|Gene::978|Gene::9793|Gene::9801|Gene::983|Gene::9903|Gene::991,101,515,1004,hetionet_shared_compound_disease_gene_edges,
Compound::DB00441::Disease::DOID:2531,Gemcitabine,Compound::DB00441,breast cancer,Disease::DOID:1612,mapped,Gene::10051|Gene::1017|Gene::1026|Gene::1027|Gene::1033|Gene::10403|Gene::1058|Gene::1063|Gene::11004|Gene::11065|Gene::11113|Gene::1164|Gene::124583|Gene::1786|Gene::1958|Gene::2063|Gene::2274|Gene::22974|Gene::2305|Gene::23406|Gene::2354|Gene::23705|Gene::249|Gene::2582|Gene::259266|Gene::2852|Gene::2920|Gene::3149|Gene::3161|Gene::3190|Gene::3280|Gene::332|Gene::3320|Gene::3628|Gene::3725|Gene::3815|Gene::3833|Gene::3852|Gene::3861|Gene::3909|Gene::3980|Gene::4118|Gene::4193|Gene::4282|Gene::4288|Gene::4605|Gene::4609|Gene::4751|Gene::4792|Gene::4851|Gene::5054|Gene::5111|Gene::51203|Gene::51466|Gene::51514|Gene::51599|Gene::5243|Gene::5268|Gene::533|Gene::55165|Gene::55355|Gene::55872|Gene::56940|Gene::5743|Gene::581|Gene::5831|Gene::5997|Gene::6236|Gene::6241|Gene::64151|Gene::6698|Gene::6714|Gene::6790|Gene::708|Gene::7153|Gene::7272|Gene::7286|Gene::7298|Gene::79682|Gene::813|Gene::8202|Gene::8345|Gene::8347|Gene::841|Gene::84159|Gene::85236|Gene::8743|Gene::8850|Gene::891|Gene::8914|Gene::898|Gene::9133|Gene::9154|Gene::9232|Gene::9493|Gene::978|Gene::9793|Gene::9801|Gene::983|Gene::9903|Gene::991,101,515,1004,hetionet_shared_compound_disease_gene_edges,
Compound::DB00441::Disease::DOID:2841,Gemcitabine,Compound::DB00441,breast cancer,Disease::DOID:1612,mapped,Gene::10051|Gene::1017|Gene::1026|Gene::1027|Gene::1033|Gene::10403|Gene::1058|Gene::1063|Gene::11004|Gene::11065|Gene::11113|Gene::1164|Gene::124583|Gene::1786|Gene::1958|Gene::2063|Gene::2274|Gene::22974|Gene::2305|Gene::23406|Gene::2354|Gene::23705|Gene::249|Gene::2582|Gene::259266|Gene::2852|Gene::2920|Gene::3149|Gene::3161|Gene::3190|Gene::3280|Gene::332|Gene::3320|Gene::3628|Gene::3725|Gene::3815|Gene::3833|Gene::3852|Gene::3861|Gene::3909|Gene::3980|Gene::4118|Gene::4193|Gene::4282|Gene::4288|Gene::4605|Gene::4609|Gene::4751|Gene::4792|Gene::4851|Gene::5054|Gene::5111|Gene::51203|Gene::51466|Gene::51514|Gene::51599|Gene::5243|Gene::5268|Gene::533|Gene::55165|Gene::55355|Gene::55872|Gene::56940|Gene::5743|Gene::581|Gene::5831|Gene::5997|Gene::6236|Gene::6241|Gene::64151|Gene::6698|Gene::6714|Gene::6790|Gene::708|Gene::7153|Gene::7272|Gene::7286|Gene::7298|Gene::79682|Gene::813|Gene::8202|Gene::8345|Gene::8347|Gene::841|Gene::84159|Gene::85236|Gene::8743|Gene::8850|Gene::891|Gene::8914|Gene::898|Gene::9133|Gene::9154|Gene::9232|Gene::9493|Gene::978|Gene::9793|Gene::9801|Gene::983|Gene::9903|Gene::991,101,515,1004,hetionet_shared_compound_disease_gene_edges,
Compound::DB00860::Disease::DOID:10283,Prednisolone,Compound::DB00860,breast cancer,Disease::DOID:1612,mapped,Gene::1027|Gene::1576|Gene::2274|Gene::2908|Gene::3486|Gene::4306|Gene::4582|Gene::4792|Gene::5243,9,20,1004,hetionet_shared_compound_disease_gene_edges,
Compound::DB00860::Disease::DOID:8893,Prednisolone,Compound::DB00860,breast cancer,Disease::DOID:1612,mapped,Gene::1027|Gene::1576|Gene::2274|Gene::2908|Gene::3486|Gene::4306|Gene::4582|Gene::4792|Gene::5243,9,20,1004,hetionet_shared_compound_disease_gene_edges,
Compound::DB00860::Disease::DOID:1612,Prednisolone,Compound::DB00860,breast cancer,Disease::DOID:1612,mapped,Gene::1027|Gene::1576|Gene::2274|Gene::2908|Gene::3486|Gene::4306|Gene::4582|Gene::4792|Gene::5243,9,20,1004,hetionet_shared_compound_disease_gene_edges,
Compound::DB00860::Disease::DOID:7148,Prednisolone,Compound::DB00860,breast cancer,Disease::DOID:1612,mapped,Gene::1027|Gene::1576|Gene::2274|Gene::2908|Gene::3486|Gene::4306|Gene::4582|Gene::4792|Gene::5243,9,20,1004,hetionet_shared_compound_disease_gene_edges,
Compound::DB00860::Disease::DOID:5408,Prednisolone,Compound::DB00860,breast cancer,Disease::DOID:1612,mapped,Gene::1027|Gene::1576|Gene::2274|Gene::2908|Gene::3486|Gene::4306|Gene::4582|Gene::4792|Gene::5243,9,20,1004,hetionet_shared_compound_disease_gene_edges,
Compound::DB00860::Disease::DOID:13189,Prednisolone,Compound::DB00860,breast cancer,Disease::DOID:1612,mapped,Gene::1027|Gene::1576|Gene::2274|Gene::2908|Gene::3486|Gene::4306|Gene::4582|Gene::4792|Gene::5243,9,20,1004,hetionet_shared_compound_disease_gene_edges,
Compound::DB00860::Disease::DOID:2531,Prednisolone,Compound::DB00860,breast cancer,Disease::DOID:1612,mapped,Gene::1027|Gene::1576|Gene::2274|Gene::2908|Gene::3486|Gene::4306|Gene::4582|Gene::4792|Gene::5243,9,20,1004,hetionet_shared_compound_disease_gene_edges,
Compound::DB00808::Disease::DOID:9352,Indapamide,Compound::DB00808,breast cancer,Disease::DOID:1612,mapped,Gene::1576|Gene::768,2,11,1004,hetionet_shared_compound_disease_gene_edges,
Compound::DB00191::Disease::DOID:9352,Phentermine,Compound::DB00191,breast cancer,Disease::DOID:1612,mapped,Gene::1565|Gene::4128,2,11,1004,hetionet_shared_compound_disease_gene_edges,
Compound::DB00373::Disease::DOID:10763,Timolol,Compound::DB00373,breast cancer,Disease::DOID:1612,mapped,Gene::154|Gene::1565|Gene::4931|Gene::5243|Gene::7422,5,12,1004,hetionet_shared_compound_disease_gene_edges,
Compound::DB00373::Disease::DOID:6364,Timolol,Compound::DB00373,breast cancer,Disease::DOID:1612,mapped,Gene::154|Gene::1565|Gene::4931|Gene::5243|Gene::7422,5,12,1004,hetionet_shared_compound_disease_gene_edges,
Compound::DB00773::Disease::DOID:2531,Etoposide,Compound::DB00773,breast cancer,Disease::DOID:1612,mapped,Gene::10051|Gene::1026|Gene::1027|Gene::10318|Gene::1033|Gene::10403|Gene::1058|Gene::1063|Gene::11004|Gene::11065|Gene::11113|Gene::1164|Gene::1301|Gene::142|Gene::1576|Gene::2146|Gene::2274|Gene::22974|Gene::2305|Gene::23406|Gene::249|Gene::259266|Gene::2852|Gene::29127|Gene::2950|Gene::2952|Gene::3149|Gene::3161|Gene::332|Gene::3628|Gene::3833|Gene::4085|Gene::4193|Gene::4288|Gene::4363|Gene::4609|Gene::4751|Gene::4792|Gene::51155|Gene::51203|Gene::5243|Gene::55165|Gene::55355|Gene::55872|Gene::57178|Gene::5742|Gene::5743|Gene::581|Gene::5831|Gene::641|Gene::64151|Gene::6790|Gene::7153|Gene::7272|Gene::813|Gene::891|Gene::9055|Gene::9133|Gene::9232|Gene::9429|Gene::9493|Gene::9793|Gene::983|Gene::9833|Gene::991,65,220,1004,hetionet_shared_compound_disease_gene_edges,
Compound::DB00773::Disease::DOID:1192,Etoposide,Compound::DB00773,breast cancer,Disease::DOID:1612,mapped,Gene::10051|Gene::1026|Gene::1027|Gene::10318|Gene::1033|Gene::10403|Gene::1058|Gene::1063|Gene::11004|Gene::11065|Gene::11113|Gene::1164|Gene::1301|Gene::142|Gene::1576|Gene::2146|Gene::2274|Gene::22974|Gene::2305|Gene::23406|Gene::249|Gene::259266|Gene::2852|Gene::29127|Gene::2950|Gene::2952|Gene::3149|Gene::3161|Gene::332|Gene::3628|Gene::3833|Gene::4085|Gene::4193|Gene::4288|Gene::4363|Gene::4609|Gene::4751|Gene::4792|Gene::51155|Gene::51203|Gene::5243|Gene::55165|Gene::55355|Gene::55872|Gene::57178|Gene::5742|Gene::5743|Gene::581|Gene::5831|Gene::641|Gene::64151|Gene::6790|Gene::7153|Gene::7272|Gene::813|Gene::891|Gene::9055|Gene::9133|Gene::9232|Gene::9429|Gene::9493|Gene::9793|Gene::983|Gene::9833|Gene::991,65,220,1004,hetionet_shared_compound_disease_gene_edges,
Compound::DB00773::Disease::DOID:10283,Etoposide,Compound::DB00773,breast cancer,Disease::DOID:1612,mapped,Gene::10051|Gene::1026|Gene::1027|Gene::10318|Gene::1033|Gene::10403|Gene::1058|Gene::1063|Gene::11004|Gene::11065|Gene::11113|Gene::1164|Gene::1301|Gene::142|Gene::1576|Gene::2146|Gene::2274|Gene::22974|Gene::2305|Gene::23406|Gene::249|Gene::259266|Gene::2852|Gene::29127|Gene::2950|Gene::2952|Gene::3149|Gene::3161|Gene::332|Gene::3628|Gene::3833|Gene::4085|Gene::4193|Gene::4288|Gene::4363|Gene::4609|Gene::4751|Gene::4792|Gene::51155|Gene::51203|Gene::5243|Gene::55165|Gene::55355|Gene::55872|Gene::57178|Gene::5742|Gene::5743|Gene::581|Gene::5831|Gene::641|Gene::64151|Gene::6790|Gene::7153|Gene::7272|Gene::813|Gene::891|Gene::9055|Gene::9133|Gene::9232|Gene::9429|Gene::9493|Gene::9793|Gene::983|Gene::9833|Gene::991,65,220,1004,hetionet_shared_compound_disease_gene_edges,
Compound::DB00773::Disease::DOID:4159,Etoposide,Compound::DB00773,breast cancer,Disease::DOID:1612,mapped,Gene::10051|Gene::1026|Gene::1027|Gene::10318|Gene::1033|Gene::10403|Gene::1058|Gene::1063|Gene::11004|Gene::11065|Gene::11113|Gene::1164|Gene::1301|Gene::142|Gene::1576|Gene::2146|Gene::2274|Gene::22974|Gene::2305|Gene::23406|Gene::249|Gene::259266|Gene::2852|Gene::29127|Gene::2950|Gene::2952|Gene::3149|Gene::3161|Gene::332|Gene::3628|Gene::3833|Gene::4085|Gene::4193|Gene::4288|Gene::4363|Gene::4609|Gene::4751|Gene::4792|Gene::51155|Gene::51203|Gene::5243|Gene::55165|Gene::55355|Gene::55872|Gene::57178|Gene::5742|Gene::5743|Gene::581|Gene::5831|Gene::641|Gene::64151|Gene::6790|Gene::7153|Gene::7272|Gene::813|Gene::891|Gene::9055|Gene::9133|Gene::9232|Gene::9429|Gene::9493|Gene::9793|Gene::983|Gene::9833|Gene::991,65,220,1004,hetionet_shared_compound_disease_gene_edges,
